,returns,actor_losses,critic1_losses,critic2_losses
0,537.7522634520524,-268.6225685586735,3.952406591298629,5.1916298379703445
1,537.7522634520524,-39.207182835820895,0.6155915217613106,0.6049171561625466
2,537.7522634520524,-297.61538973721593,2.368323412808505,2.658471194180575
3,537.7522634520524,-9.664267578125,0.08842268371582031,0.08458487701416016
4,537.7522634520524,-11.2771787109375,0.1470323486328125,0.14555589294433594
5,537.7522634520524,-10.129087890625,0.106221923828125,0.10587696075439453
6,537.7522634520524,-9.421435546875,0.10317786407470703,0.10905059814453125
7,537.7522634520524,-9.2482978515625,0.10186163330078125,0.10554962921142579
8,537.7522634520524,-63.85478911528716,0.6969628720670134,0.713351533219621
9,537.7522634520524,-116.30830792682927,1.3342565210854136,1.2941179973323171
10,537.7522634520524,-141.042236328125,1.5591974819407743,1.5664393481086283
11,537.7522634520524,-600.89404296875,6.367612361907959,6.4626593589782715
12,537.7522634520524,-9.21817578125,0.10281404113769531,0.10161774444580078
13,537.7522634520524,-258.7242024739583,2.873944812350803,2.8476185268825955
14,537.7522634520524,-403.0614809782609,4.530912316363791,4.635795924974524
15,537.7522634520524,-42.74941054335586,0.5348090438155441,0.525762094033731
16,537.7522634520524,-103.66793690557066,1.3634568090024202,1.3728119394053584
17,537.7522634520524,-9.5519658203125,0.12968174743652344,0.13243556213378907
18,537.7522634520524,-259.1925147804054,3.1807752042203337,3.2428881670977616
19,537.7522634520524,-184.14710411658655,2.411004873422476,2.4330759782057543
20,537.7522634520524,-23.376733282731042,0.31319640824015105,0.30640957366798727
21,537.7522634520524,-16.14743877886953,0.23668115452004407,0.24070996944483133
22,537.7522634520524,-666.6645833333333,8.995428466796875,8.940203857421874
23,537.7522634520524,-24.42023568645084,0.34166862066987036,0.34518568006922584
24,537.7522634520524,-154.85779178503788,2.2043454719312265,2.2081997033321494
25,77.30138364816698,-352.4696592133621,5.084847285829741,5.181652726798222
26,77.30138364816698,-9.96553125,0.13846376037597657,0.14501507568359376
27,77.30138364816698,-120.68841773343374,1.6536096779696912,1.675959759447948
28,77.30138364816698,-9.79265234375,0.12589749908447265,0.1319358367919922
29,77.30138364816698,-144.47178021599265,1.9773667279411764,1.9271071938907398
30,77.30138364816698,-364.0261140046296,4.928660640010127,4.972632514105903
31,77.30138364816698,-118.88986022213855,1.6350222668015812,1.6722290774425828
32,77.30138364816698,-616.4608154296875,8.02856731414795,8.392141342163086
33,77.30138364816698,-228.74743368459303,3.077330833257631,3.102865174759266
34,77.30138364816698,-93.40214106721699,1.2424441643480986,1.29414194934773
35,77.30138364816698,-247.72138671875,3.455732727050781,3.4688220977783204
36,77.30138364816698,-119.12609422063252,1.7185827048428088,1.7553619017083961
37,77.30138364816698,-18.63298579020333,0.2885206014523885,0.2938500649386986
38,77.30138364816698,-456.72927024147725,6.571460377086293,6.6169211647727275
39,77.30138364816698,-164.6017065829918,2.4765474913550203,2.520174620581455
40,77.30138364816698,-159.57282366071428,2.3717598082527283,2.430029732840402
41,77.30138364816698,-9.9876748046875,0.14901673889160155,0.15161337280273438
42,77.30138364816698,-53.94634681619624,0.837372810609879,0.8462202830981183
43,77.30138364816698,-285.42059151785713,4.224191284179687,4.246159144810268
44,77.30138364816698,-769.7657001201923,11.309152456430288,11.476762038010817
45,77.30138364816698,-9.7932001953125,0.1456175537109375,0.13894766235351563
46,77.30138364816698,-151.1810546875,2.3061075063852163,2.3122530423677885
47,77.30138364816698,-175.18307059151786,2.660352979387556,2.677159990583147
48,77.30138364816698,-9.7687734375,0.1417118682861328,0.14162675476074219
49,77.30138364816698,-42.24054452789699,0.6303240731038761,0.6167417206989337
50,205.30234583992046,-9.7490283203125,0.14586541748046875,0.14571231079101563
51,205.30234583992046,-443.4442027698864,6.389650518243963,6.266859574751421
52,205.30234583992046,-9.6033671875,0.13709555053710937,0.1379824981689453
53,205.30234583992046,-169.0586794133772,2.372624447471217,2.373738071374726
54,205.30234583992046,-195.62836814413265,2.8345000597895407,2.819811762595663
55,205.30234583992046,-130.26309121621622,1.869133201805321,1.8156344439532306
56,205.30234583992046,-14.641750678330839,0.2233256722638707,0.21855933366421454
57,205.30234583992046,-9.9286142578125,0.15258209228515626,0.1526041259765625
58,205.30234583992046,-93.08561806366822,1.4110801910685602,1.3921912362642377
59,205.30234583992046,-16.594762015264028,0.258469030802006,0.25934950825404807
60,205.30234583992046,-9.9453349609375,0.1528004608154297,0.15342105102539064
61,205.30234583992046,-55.79306750351124,0.8930106859528617,0.8695755004882812
62,205.30234583992046,-9.88584765625,0.15837930297851563,0.15387945556640625
63,205.30234583992046,-214.62899116847825,3.261872333029042,3.222946498704993
64,205.30234583992046,-30.932012939453124,0.47151756286621094,0.4721719264984131
65,205.30234583992046,-10.0358525390625,0.1615186309814453,0.16014743041992188
66,205.30234583992046,-385.2546574519231,5.7978679950420675,5.8102569580078125
67,205.30234583992046,-10.1197646484375,0.15839877319335938,0.15542124938964844
68,205.30234583992046,-40.336844030129484,0.6206457738382408,0.6214878036681399
69,205.30234583992046,-635.3722534179688,9.572590827941895,9.501191139221191
70,205.30234583992046,-47.60656340843023,0.7404766703760901,0.7415352045103561
71,205.30234583992046,-13.185464136713735,0.19420446510951542,0.1956863501258625
72,205.30234583992046,-40.0869938594358,0.6316039089098978,0.6327128725756931
73,205.30234583992046,-10.2030595703125,0.1527694396972656,0.154021240234375
74,205.30234583992046,-238.34304596656978,3.707776801530705,3.724336491074673
75,516.894700081269,-601.6436695772059,8.836539773380055,8.890712962431067
76,516.894700081269,-10.2839248046875,0.1523645324707031,0.15176661682128906
77,516.894700081269,-310.4568241003788,4.6760609944661455,4.6347332578716856
78,516.894700081269,-122.26031203497024,1.9165307907831102,1.8852074032738095
79,516.894700081269,-143.04599338107639,2.2282384236653647,2.170485814412435
80,516.894700081269,-257.4127197265625,4.094475555419922,3.9987762451171873
81,516.894700081269,-10.272388671875,0.14801365661621094,0.1485466766357422
82,516.894700081269,-382.6301359953704,5.641630384657118,5.72012272587529
83,516.894700081269,-53.788360595703125,0.835583766301473,0.8158276875813802
84,516.894700081269,-10.274591796875,0.15306553649902344,0.15389454650878906
85,516.894700081269,-10.2387001953125,0.1554538879394531,0.15546746826171876
86,516.894700081269,-86.08546152836135,1.2994001372521664,1.2998154584099264
87,516.894700081269,-10.278056640625,0.15837739562988282,0.15675430297851561
88,516.894700081269,-302.4948299632353,4.619149151970358,4.60223388671875
89,516.894700081269,-14.04641458262568,0.2196462465369183,0.21826949326888376
90,516.894700081269,-10.2488349609375,0.15567617797851563,0.15841352844238282
91,516.894700081269,-27.33675303357713,0.40901598017266455,0.4124281457129945
92,516.894700081269,-10.3484296875,0.16077725219726563,0.16040162658691406
93,516.894700081269,-161.7127227783203,2.32555890083313,2.3451948165893555
94,516.894700081269,-10.277373046875,0.14931356811523439,0.14883428955078126
95,516.894700081269,-51.85636679491206,0.7591146344515547,0.7682886938353879
96,516.894700081269,-36.811891820507114,0.5628529070110931,0.5486173799453681
97,516.894700081269,-430.5341389973958,6.580635706583659,6.508831024169922
98,516.894700081269,-161.6674346923828,2.4107255935668945,2.3489229679107666
99,516.894700081269,-10.30589453125,0.15349046325683594,0.15521524047851562
100,548.7339071089149,-52.28060726243623,0.7817448985819914,0.7719589544802296
101,548.7339071089149,-97.10686910377359,1.4700197903615124,1.4317150475843898
102,548.7339071089149,-606.3491498161765,8.831155215992647,8.77091620950138
103,548.7339071089149,-137.7105078125,2.0161334228515626,2.0441373697916667
104,548.7339071089149,-647.2030029296875,9.685765266418457,9.598676681518555
105,548.7339071089149,-10.2402841796875,0.1517233123779297,0.15318592834472655
106,548.7339071089149,-682.6380208333334,9.761896769205729,9.698316446940105
107,548.7339071089149,-214.0054931640625,3.0605414708455405,3.115795453389486
108,548.7339071089149,-78.5133736879771,1.1747491268711237,1.1658242495005366
109,548.7339071089149,-10.228951171875,0.1587421875,0.15956217956542967
110,548.7339071089149,-86.88878773834746,1.3183472196934587,1.2919995582709878
111,548.7339071089149,-10.18009765625,0.14814617919921874,0.14970033264160157
112,548.7339071089149,-10.1234755859375,0.14698934936523436,0.14595765686035156
113,548.7339071089149,-10.107642578125,0.14291793823242188,0.14106256103515624
114,548.7339071089149,-10.0719541015625,0.14545477294921874,0.14776332092285155
115,548.7339071089149,-183.38938210227272,2.734605546431108,2.754774058948864
116,548.7339071089149,-72.13044782366072,1.0522508893694196,1.0539628165108816
117,548.7339071089149,-529.8483244243421,8.011666548879523,7.99402578253495
118,548.7339071089149,-10.090146484375,0.14833314514160156,0.14816258239746094
119,548.7339071089149,-91.26207066441441,1.3629964192708333,1.3697544132267032
120,548.7339071089149,-10.0572451171875,0.14360447692871095,0.14238922119140626
121,548.7339071089149,-60.056175595238095,0.8626030513218471,0.8519998277936663
122,548.7339071089149,-10.043783203125,0.14997738647460937,0.15010954284667968
123,548.7339071089149,-64.93863407258064,0.9712283226751512,0.9910560854019658
124,548.7339071089149,-78.58954620361328,1.1353585720062256,1.1568834781646729
125,348.31582135870303,-14.737861101017442,0.22203698269156522,0.22222345928813136
126,348.31582135870303,-22.08265964673913,0.32356889144234036,0.3234028028405231
127,348.31582135870303,-117.17386179956897,1.7158196109464798,1.6902365848935883
128,348.31582135870303,-10.1109423828125,0.14964537048339843,0.14792149353027345
129,348.31582135870303,-10.115115234375,0.144601806640625,0.1441202392578125
130,348.31582135870303,-10.0676875,0.14689369201660157,0.14798806762695313
131,348.31582135870303,-189.90057488207546,2.7814152555645637,2.779263766306751
132,348.31582135870303,-10.68504314181171,0.15319191655026207,0.15556889143674182
133,348.31582135870303,-10.13296484375,0.1415402374267578,0.1426582946777344
134,348.31582135870303,-125.36381172839506,1.8886362711588542,1.8747858118127894
135,348.31582135870303,-82.3739837398374,1.1955231457221798,1.1831878413998984
136,348.31582135870303,-159.14724731445312,2.3650453090667725,2.381235122680664
137,348.31582135870303,-10.15191015625,0.15080868530273436,0.14798184204101564
138,348.31582135870303,-600.2823988970588,8.599218031939339,8.523266960592832
139,348.31582135870303,-88.27432065217391,1.3162403935971467,1.292718505859375
140,348.31582135870303,-462.36257102272725,6.659582658247515,6.718611977317116
141,348.31582135870303,-10.1654716796875,0.14519354248046876,0.14634613037109376
142,348.31582135870303,-80.53138175843254,1.1879630921378967,1.1861324007548983
143,348.31582135870303,-10.165921875,0.14730662536621095,0.14915162658691405
144,348.31582135870303,-635.084716796875,9.308212280273438,9.279277801513672
145,348.31582135870303,-10.11662890625,0.14472833251953124,0.14433070373535156
146,348.31582135870303,-10.1133759765625,0.1521977081298828,0.1494179382324219
147,348.31582135870303,-218.7175823709239,3.026504848314368,3.063146176545516
148,348.31582135870303,-10.0922734375,0.14194255065917968,0.14174273681640626
149,348.31582135870303,-10.026763671875,0.14192422485351563,0.14290679931640626
150,518.9747437556582,-80.81439012096774,1.1188219131961945,1.1004385179088962
151,518.9747437556582,-101.3472320864899,1.4124435270675506,1.409135452424637
152,518.9747437556582,-30.424789935800604,0.43410927579482156,0.432039612369595
153,518.9747437556582,-94.67107184579439,1.361441353771174,1.3789704224773656
154,518.9747437556582,-10.1071572265625,0.14287565612792968,0.1435025634765625
155,518.9747437556582,-197.7420151654412,2.7991009880514706,2.7826956954656863
156,518.9747437556582,-374.778392650463,5.12374821415654,5.023277565285012
157,518.9747437556582,-375.37203414351853,5.306277804904514,5.334260163483797
158,518.9747437556582,-145.01205357142857,2.1110268729073662,2.1105069841657365
159,518.9747437556582,-215.97446392952128,3.1316557539270278,3.139924069668384
160,518.9747437556582,-440.7763671875,6.5187245244565215,6.587971562924593
161,518.9747437556582,-101.531376953125,1.443620147705078,1.4380038452148438
162,518.9747437556582,-124.1779130144817,1.7534449507550496,1.7364081406011813
163,518.9747437556582,-726.6517159598214,10.972478594098773,10.80401611328125
164,518.9747437556582,-101.23679223391089,1.4341670876682395,1.414995552289604
165,518.9747437556582,-98.55001126802884,1.4188800224891076,1.4265541663536658
166,518.9747437556582,-49.57610110960145,0.7008644878000453,0.6991758484771287
167,518.9747437556582,-285.73101128472223,4.133851793077257,4.199862586127387
168,518.9747437556582,-53.85227830497382,0.7927156618128273,0.799272147772824
169,518.9747437556582,-56.7980242144337,0.8494130340070356,0.8443019297900121
170,518.9747437556582,-67.96339818050987,1.0143695630525287,1.028786809820878
171,518.9747437556582,-343.4147135416667,5.095051574707031,5.141047668457031
172,518.9747437556582,-739.0555943080357,11.176668439592634,11.154029846191406
173,518.9747437556582,-154.373046875,2.237845349667677,2.2302765348064364
174,518.9747437556582,-257.5502685546875,3.9238613128662108,3.937651443481445
175,420.94612097513493,-41.93690299215587,0.6159960789236463,0.6074478828955275
176,420.94612097513493,-116.81166608146067,1.7407468302866047,1.7358897348468223
177,420.94612097513493,-10.349095703125,0.1574794921875,0.15715072631835938
178,420.94612097513493,-10.3111025390625,0.15485255432128905,0.1536630401611328
179,420.94612097513493,-215.1515096028646,3.2184486389160156,3.2165072758992515
180,420.94612097513493,-10.280115234375,0.14953305053710939,0.15023060607910158
181,420.94612097513493,-285.86924913194446,4.307292090521918,4.302371978759766
182,420.94612097513493,-153.50243411847015,2.286915337861474,2.288020119738223
183,420.94612097513493,-120.19183775436046,1.7636960051780524,1.7832909517509992
184,420.94612097513493,-10.2800126953125,0.15284780883789062,0.15284664916992188
185,420.94612097513493,-94.36492079988533,1.3397271392542287,1.3283160848355076
186,420.94612097513493,-687.866796875,9.717936197916666,9.817805989583333
187,420.94612097513493,-10.272763671875,0.14830722045898437,0.1484425506591797
188,420.94612097513493,-684.10390625,10.346139526367187,10.218714396158854
189,420.94612097513493,-685.3414713541666,9.825662231445312,10.075994873046875
190,420.94612097513493,-10.270525390625,0.15537242126464842,0.15236782836914062
191,420.94612097513493,-10.2623876953125,0.15134884643554689,0.1494456787109375
192,420.94612097513493,-233.30959250710228,3.5821495056152344,3.569441015070135
193,420.94612097513493,-233.64621803977272,3.4422666376287285,3.4198660417036577
194,420.94612097513493,-10.2736005859375,0.15489723205566405,0.1527244110107422
195,420.94612097513493,-201.13987821691177,3.0258256500842524,2.9832991057751226
196,420.94612097513493,-224.0943019701087,3.2159297777258833,3.197756559952446
197,420.94612097513493,-10.2837802734375,0.14621745300292968,0.14325926208496093
198,420.94612097513493,-69.93265040391157,1.0208745424439307,1.0268430125956634
199,420.94612097513493,-209.51137994260205,3.0530551209741708,3.0812627052774233
200,309.7535277324002,-91.94650704520089,1.307950564793178,1.3146758760724748
201,309.7535277324002,-686.4938802083333,10.731728108723958,10.646925862630209
202,309.7535277324002,-355.4247373383621,5.520133709085399,5.532830073915679
203,309.7535277324002,-645.55859375,9.514039039611816,9.507543563842773
204,309.7535277324002,-10.2860517578125,0.1510266876220703,0.14769493103027342
205,309.7535277324002,-428.322509765625,6.451658248901367,6.357262293497722
206,309.7535277324002,-10.236294921875,0.14701516723632813,0.1453935089111328
207,309.7535277324002,-184.07268415178572,2.691999707903181,2.723328181675502
208,309.7535277324002,-251.1782345655488,3.784996963128811,3.7396526801876906
209,309.7535277324002,-303.52711397058823,4.471076965332031,4.4507957907284
210,309.7535277324002,-10.2700615234375,0.15482643127441406,0.15359014892578124
211,309.7535277324002,-10.273646484375,0.1499762420654297,0.14929244995117188
212,309.7535277324002,-42.21796554815574,0.5925120369332736,0.5769414432713242
213,309.7535277324002,-411.405625,6.0388330078125,6.14197509765625
214,309.7535277324002,-187.91672585227272,2.763900479403409,2.766233132102273
215,309.7535277324002,-187.28073508522726,2.7087549382990055,2.7280917080965907
216,309.7535277324002,-230.11332465277778,3.3695115831163194,3.4328338623046877
217,309.7535277324002,-234.20847389914772,3.5156145962801846,3.538741025057706
218,309.7535277324002,-10.3661806640625,0.15074510192871093,0.15092481994628906
219,309.7535277324002,-10.3819990234375,0.15126583862304688,0.1534095001220703
220,309.7535277324002,-41.27106807146414,0.6361798290237487,0.6301115119599726
221,309.7535277324002,-10.347119140625,0.1565226745605469,0.156123046875
222,309.7535277324002,-608.4328469669117,9.0892333984375,9.14898053337546
223,309.7535277324002,-64.83244018554687,0.9750720024108886,0.9747925758361816
224,309.7535277324002,-21.323159971765914,0.33652350643087464,0.33811170511421973
225,260.1966574737411,-304.6460822610294,4.537488151999081,4.5112623326918655
226,260.1966574737411,-10.4150126953125,0.15421870422363282,0.15264405822753907
227,260.1966574737411,-10.3522666015625,0.14702256774902345,0.14599156188964843
228,260.1966574737411,-119.23325251436782,1.797515518363865,1.7633253075610633
229,260.1966574737411,-75.3342815896739,1.137738435164742,1.1449196856954824
230,260.1966574737411,-289.0915256076389,4.158870697021484,4.125122918023004
231,260.1966574737411,-10.4034267578125,0.15190065002441405,0.153086181640625
232,260.1966574737411,-10.4031748046875,0.1583170928955078,0.15990681457519532
233,260.1966574737411,-384.11610243055554,5.3252523916739,5.337541933412905
234,260.1966574737411,-10.344109375,0.15239152526855468,0.15442459106445314
235,260.1966574737411,-167.92464717741936,2.431726763325353,2.464532175371724
236,260.1966574737411,-10.3745341796875,0.1458978271484375,0.14409242248535156
237,260.1966574737411,-10.372181640625,0.14445770263671875,0.14884298706054688
238,260.1966574737411,-36.87672991071429,0.5564887455531529,0.5554163796561105
239,260.1966574737411,-691.0239583333333,10.13663838704427,10.357347615559895
240,260.1966574737411,-107.6812744140625,1.5304102897644043,1.5602107048034668
241,260.1966574737411,-10.340580078125,0.144233154296875,0.14239703369140624
242,260.1966574737411,-80.8501205444336,1.1610625982284546,1.1593798398971558
243,260.1966574737411,-47.28821971318493,0.7011572432844606,0.7046332511727669
244,260.1966574737411,-15.828605883049242,0.22598375262636128,0.22686097116181345
245,260.1966574737411,-12.437267207985697,0.18679489481292832,0.18466621189776705
246,260.1966574737411,-10.419935546875,0.14712754821777344,0.14682183837890625
247,260.1966574737411,-242.78844930959303,3.4804321998773617,3.5637462527252906
248,260.1966574737411,-116.82493196980337,1.6927771407566714,1.6999413993921173
249,260.1966574737411,-231.27061631944446,3.3596533881293404,3.3834353976779514
250,319.984232078172,-18.00745280228055,0.26044187036931205,0.2590406355472112
251,319.984232078172,-299.3696428571429,4.4241485595703125,4.40869881766183
252,319.984232078172,-269.18111478365387,3.936314900716146,3.9601866893279247
253,319.984232078172,-209.37046875,3.1174282836914062,3.0724017333984377
254,319.984232078172,-10.4683916015625,0.15568562316894533,0.15542616271972656
255,319.984232078172,-10.4533115234375,0.15508224487304687,0.15607221984863281
256,319.984232078172,-10.449712890625,0.14954823303222656,0.15077850341796875
257,319.984232078172,-10.4285634765625,0.15283441162109376,0.14851416015625
258,319.984232078172,-10.424251953125,0.14875112915039063,0.14594464111328126
259,319.984232078172,-165.29741753472223,2.362939017159598,2.351412334139385
260,319.984232078172,-10.4239970703125,0.1515666046142578,0.15279771423339844
261,319.984232078172,-10.3977431640625,0.15389083862304687,0.1545341033935547
262,319.984232078172,-10.4101396484375,0.1419525604248047,0.14344761657714844
263,319.984232078172,-125.27164909638554,1.827979398060994,1.8081017919333584
264,319.984232078172,-10.380888671875,0.15022329711914062,0.1502603302001953
265,319.984232078172,-85.87780055526859,1.1996090471251937,1.2297549917678203
266,319.984232078172,-333.7845892137097,4.766453896799395,4.82213863249748
267,319.984232078172,-273.4633018092105,3.941182989823191,3.9859089098478617
268,319.984232078172,-32.993489583333336,0.4835221547929067,0.48107677641369045
269,319.984232078172,-259.3781494140625,3.7570934295654297,3.781199264526367
270,319.984232078172,-612.4901194852941,8.886911728802849,8.992209041819853
271,319.984232078172,-10.410400390625,0.14630470275878907,0.146338134765625
272,319.984232078172,-173.647021484375,2.5772051493326824,2.553631083170573
273,319.984232078172,-56.945878159153004,0.8250885009765625,0.8182283828818733
274,319.984232078172,-10.468275390625,0.14899320983886719,0.14729682922363282
275,508.21478472276476,-10.48171875,0.15965104675292968,0.15865913391113282
276,508.21478472276476,-10.4857783203125,0.1566139373779297,0.1554468994140625
277,508.21478472276476,-219.43804931640625,3.2484874725341797,3.2023353576660156
278,508.21478472276476,-100.04708891369047,1.4893380301339285,1.5085938953218005
279,508.21478472276476,-53.26043639520202,0.7772985130849511,0.776998808889678
280,508.21478472276476,-364.1963900862069,5.229774212015086,5.224512560614224
281,508.21478472276476,-210.304296875,3.0629611206054688,3.0736578369140624
282,508.21478472276476,-10.5254931640625,0.1527917022705078,0.15357704162597657
283,508.21478472276476,-10.509013671875,0.15245033264160157,0.15187594604492188
284,508.21478472276476,-64.82235001929013,0.9470639640902295,0.9445606749734761
285,508.21478472276476,-10.5040029296875,0.1519588623046875,0.15218551635742186
286,508.21478472276476,-10.509853515625,0.15341539001464843,0.15357440185546875
287,508.21478472276476,-262.823681640625,3.88836784362793,3.933216094970703
288,508.21478472276476,-58.444580078125,0.8418782552083334,0.8527352227105035
289,508.21478472276476,-10.5174736328125,0.15515721130371093,0.1522449493408203
290,508.21478472276476,-701.390234375,10.172035725911458,10.427093505859375
291,508.21478472276476,-285.12858952702703,4.1148483688766895,4.04449462890625
292,508.21478472276476,-234.26371527777778,3.407142808702257,3.440831502278646
293,508.21478472276476,-810.3464543269231,11.782056368314302,11.859452467698317
294,508.21478472276476,-309.86437270220586,4.517604154698989,4.5314806769875915
295,508.21478472276476,-116.1680653331044,1.7287554059709822,1.7208537007426168
296,508.21478472276476,-10.5134189453125,0.1585242462158203,0.1558055419921875
297,508.21478472276476,-203.69527493990384,3.026538555438702,3.0743496234600363
298,508.21478472276476,-143.02723817567568,2.0923919677734375,2.1203165827570736
299,508.21478472276476,-10.564736328125,0.152757080078125,0.152834228515625
300,483.6840349860281,-10.569427734375,0.15114051818847657,0.15283808898925783
301,483.6840349860281,-32.53060997596154,0.4723014009915865,0.4575785945012019
302,483.6840349860281,-10.58059765625,0.1548297576904297,0.15903662109375
303,483.6840349860281,-106.81265782828282,1.6158573651554609,1.6184196086845013
304,483.6840349860281,-55.78077199835526,0.8023610968338816,0.8060501901726974
305,483.6840349860281,-441.9642333984375,6.265026728312175,6.209312438964844
306,483.6840349860281,-10.5606181640625,0.1562531280517578,0.1551780090332031
307,483.6840349860281,-10.5432373046875,0.15400558471679687,0.15062214660644532
308,483.6840349860281,-10.570193359375,0.1528671417236328,0.15105178833007812
309,483.6840349860281,-10.562716796875,0.15982963562011718,0.1588899383544922
310,483.6840349860281,-310.75672104779414,4.545265197753906,4.565753263585708
311,483.6840349860281,-10.5839365234375,0.15494908142089844,0.15467515563964843
312,483.6840349860281,-45.38953158386752,0.6803057417910323,0.6805839864616721
313,483.6840349860281,-157.8320604011194,2.3076231088211285,2.320580325909515
314,483.6840349860281,-10.606951171875,0.14637872314453124,0.14624696350097657
315,483.6840349860281,-365.4592874461207,5.389292749865302,5.403344516096444
316,483.6840349860281,-482.8819691051136,7.195023276589134,7.294341347434304
317,483.6840349860281,-134.3591030458861,1.8458522362045096,1.9004396849040743
318,483.6840349860281,-76.45216951438849,1.1121687854794289,1.111403870068008
319,483.6840349860281,-272.40174278846155,3.9893763615534854,3.9354420197315707
320,483.6840349860281,-29.155717813351497,0.4257995023389603,0.42900954410230757
321,483.6840349860281,-18.39034861438679,0.2632831030399067,0.2624073584738154
322,483.6840349860281,-38.67634681317446,0.5723685943823067,0.5707626891650742
323,483.6840349860281,-95.65003313337054,1.4590644836425781,1.4399219240461076
324,483.6840349860281,-62.69655023619186,0.9455549550610919,0.9575740902922875
325,636.7573286989775,-35.53166118421053,0.5497880232961554,0.5352252157110917
326,636.7573286989775,-48.94498992505656,0.7374085991630727,0.7259266020485718
327,636.7573286989775,-70.23701932832792,1.0601602529550527,1.046751542524858
328,636.7573286989775,-216.83228515625,3.274937744140625,3.2594784545898436
329,636.7573286989775,-35.482460171568626,0.5209010005776399,0.5225276074378319
330,636.7573286989775,-20.754837998924476,0.304200385770196,0.30368374592943354
331,636.7573286989775,-37.730363997621104,0.5787028276384083,0.5774567811959342
332,636.7573286989775,-10.909572265625,0.16923162841796874,0.1671028289794922
333,636.7573286989775,-48.57000868055555,0.7223948838975695,0.7282305230034722
334,636.7573286989775,-10.898765625,0.1632686309814453,0.16297531127929688
335,636.7573286989775,-352.3962008568548,5.4715502339024695,5.4228756812310985
336,636.7573286989775,-29.550277217741936,0.4383170425250966,0.4425189520723076
337,636.7573286989775,-50.176338648687214,0.7337012443368294,0.7385351451020262
338,636.7573286989775,-1096.5849609375,16.700827026367186,16.688525390625
339,636.7573286989775,-49.888322787047514,0.7701164003950438,0.7734034611628606
340,636.7573286989775,-71.17160866477273,1.0800651451209924,1.0807094821682224
341,636.7573286989775,-11.0063818359375,0.1653737030029297,0.1635574493408203
342,636.7573286989775,-159.2349694293478,2.3548141700634058,2.330875341443048
343,636.7573286989775,-123.78292880969101,1.858635205901071,1.8769020337737008
344,636.7573286989775,-58.23841042493386,0.8857487269810268,0.8867224637793485
345,636.7573286989775,-77.17389641608392,1.2094746836415537,1.2172248680274804
346,636.7573286989775,-136.9939208984375,2.0741098403930662,2.068050575256348
347,636.7573286989775,-11.068552734375,0.16423147583007813,0.16403584289550782
348,636.7573286989775,-11.004970703125,0.1718102569580078,0.16921571350097656
349,636.7573286989775,-153.33935546875,2.293379889594184,2.314457999335395
350,469.5527852658041,-11.052076171875,0.1673430633544922,0.16511985778808594
351,469.5527852658041,-60.28922792862022,0.9184278477736509,0.9178198308892589
352,469.5527852658041,-11.0387861328125,0.16515153503417968,0.16397999572753907
353,469.5527852658041,-11.07025390625,0.16344062805175782,0.16263385009765624
354,469.5527852658041,-63.460129310344826,0.9405776275985542,0.9332013184996857
355,469.5527852658041,-82.15479244402985,1.2935809235074627,1.252227099973764
356,469.5527852658041,-46.85645358845339,0.6976367497848253,0.6955224376613811
357,469.5527852658041,-19.760543741644383,0.30067098416959115,0.30272602482488026
358,469.5527852658041,-11.122236328125,0.16597834777832032,0.16477766418457032
359,469.5527852658041,-201.56125710227272,3.0304221413352272,3.027916093306108
360,469.5527852658041,-71.69674899193548,1.0988697667275706,1.1030650477255544
361,469.5527852658041,-29.71158244903075,0.44502229741550386,0.44821754496365307
362,469.5527852658041,-11.13619140625,0.16367245483398438,0.16419332885742188
363,469.5527852658041,-11.1146484375,0.16847247314453126,0.1654669952392578
364,469.5527852658041,-246.70774739583334,3.638832600911458,3.690851847330729
365,469.5527852658041,-58.62925575657895,0.8925892880088404,0.8871877569901315
366,469.5527852658041,-58.77424444901316,0.8902908325195312,0.8871847052323191
367,469.5527852658041,-75.04315226510067,1.2172206392224203,1.2088613830156774
368,469.5527852658041,-11.1642138671875,0.16504896545410155,0.16614552307128908
369,469.5527852658041,-79.03425587322695,1.2314680383560506,1.229789896214262
370,469.5527852658041,-34.725288722826086,0.5475940112001407,0.5442247094574922
371,469.5527852658041,-11.17057421875,0.17224818420410157,0.17091897583007812
372,469.5527852658041,-105.56298828125,1.5949702712724794,1.6070568156692218
373,469.5527852658041,-143.81502904647436,2.294483087001703,2.2754768958458533
374,469.5527852658041,-157.68077409771126,2.455174405809859,2.4398094499614875
375,686.7967007552345,-11.1693935546875,0.1688017578125,0.16908685302734375
376,686.7967007552345,-22.758785100786003,0.34745212887653715,0.3500486919410814
377,686.7967007552345,-267.8179408482143,4.035742623465402,4.095497857956659
378,686.7967007552345,-11.226173828125,0.16660749816894532,0.16585984802246093
379,686.7967007552345,-11.236826171875,0.168625244140625,0.16814437866210938
380,686.7967007552345,-534.9704241071429,8.167420886811756,8.117161342075892
381,686.7967007552345,-76.03570391680744,1.1741430952742293,1.1588469840384819
382,686.7967007552345,-11.251552734375,0.17797053527832032,0.17580879211425782
383,686.7967007552345,-21.329793294270832,0.3192340677434748,0.31894183881355054
384,686.7967007552345,-143.0323378164557,2.1820522260062303,2.207024296627769
385,686.7967007552345,-806.0496651785714,11.996519906180245,12.015020098005023
386,686.7967007552345,-71.08183470911949,1.0723135126461774,1.0656382242838542
387,686.7967007552345,-72.98647836538461,1.151608393742488,1.1304509089543269
388,686.7967007552345,-89.15965643454724,1.3662013256643701,1.358702652097687
389,686.7967007552345,-11.3025615234375,0.17425096130371093,0.17247889709472655
390,686.7967007552345,-117.11974468427834,1.863083200356395,1.8479047952239047
391,686.7967007552345,-11.34188671875,0.170229736328125,0.16938014221191405
392,686.7967007552345,-11.366712890625,0.1713597869873047,0.1722589111328125
393,686.7967007552345,-12.223948204466202,0.1897498036658815,0.18655736047310892
394,686.7967007552345,-11.423669921875,0.17676263427734376,0.17354994201660157
395,686.7967007552345,-26.160944667431192,0.3964025164962909,0.39305394723874715
396,686.7967007552345,-11.4164619140625,0.1811132354736328,0.18028666687011718
397,686.7967007552345,-11.3927236328125,0.17246833801269532,0.17081883239746093
398,686.7967007552345,-11.408587890625,0.17330276489257812,0.17298268127441407
399,686.7967007552345,-78.29265437714041,1.1867366424978596,1.1769407089442423
400,683.7068232758184,-11.4033720703125,0.17677076721191406,0.17398890686035157
401,683.7068232758184,-763.2920572916667,11.804779052734375,11.563613891601562
402,683.7068232758184,-50.99809047154018,0.786726883479527,0.7900660378592355
403,683.7068232758184,-80.02800617351399,1.26474500536085,1.2492751541671219
404,683.7068232758184,-11.43076953125,0.17689726257324218,0.1751149597167969
405,683.7068232758184,-22.177634263176984,0.3313937749807332,0.33308510992467055
406,683.7068232758184,-11.4656025390625,0.17784584045410157,0.17861404418945312
407,683.7068232758184,-11.4064716796875,0.17762594604492188,0.17724342346191407
408,683.7068232758184,-11.43909375,0.17547544860839845,0.1723407745361328
409,683.7068232758184,-1270.668728298611,19.55294630262587,19.358545939127605
410,683.7068232758184,-953.5817057291666,14.386866251627604,14.646344502766928
411,683.7068232758184,-15.614376224029291,0.23484463392876148,0.2359951549394904
412,683.7068232758184,-107.92016140919812,1.5682701254790683,1.5660229089125148
413,683.7068232758184,-118.34702198775773,1.7503540982905121,1.7562400581910438
414,683.7068232758184,-19.952771271122185,0.30965784558803616,0.31050160108860486
415,683.7068232758184,-47.26194993622449,0.7464880495655294,0.7473716268734056
416,683.7068232758184,-49.58640692060086,0.7393590575124062,0.7441021178413358
417,683.7068232758184,-24.041415589267153,0.36509768035952117,0.35852609107003636
418,683.7068232758184,-11.531880859375,0.1726497039794922,0.17117481994628905
419,683.7068232758184,-114.8557588180693,1.7757409728399598,1.7783668442527847
420,683.7068232758184,-11.5342783203125,0.18202177429199218,0.18035662841796876
421,683.7068232758184,-133.43442438936782,1.9909575012908585,1.9933796148190552
422,683.7068232758184,-33.58096127717391,0.5264237998188406,0.5146001843438632
423,683.7068232758184,-504.0955757472826,7.703531679899796,7.683066326638927
424,683.7068232758184,-11.58403125,0.18323637390136718,0.1827184753417969
425,547.5534946229616,-170.57977653952207,2.5996688393985523,2.584779851576861
426,547.5534946229616,-170.2712833180147,2.603760663200827,2.597936518052045
427,547.5534946229616,-11.60923046875,0.18248268127441405,0.17950247192382812
428,547.5534946229616,-111.74930513822116,1.696444584773137,1.7043860508845403
429,547.5534946229616,-133.62154274425288,1.9978662249685704,2.0109179266567887
430,547.5534946229616,-68.65344743897928,1.0251717652089498,1.021771402754022
431,547.5534946229616,-11.6148583984375,0.18015029907226562,0.1798678741455078
432,547.5534946229616,-298.2023737980769,4.64644055488782,4.550359481420273
433,547.5534946229616,-65.6031845868644,1.0285682462703036,1.0278534107962571
434,547.5534946229616,-19.3184326171875,0.29296585083007814,0.29021868387858074
435,547.5534946229616,-28.215860705596107,0.4348958704593408,0.43290706736618007
436,547.5534946229616,-76.62806460731908,1.1458854675292969,1.1432016272293894
437,547.5534946229616,-33.112064732142855,0.5027413940429688,0.4946400669642857
438,547.5534946229616,-21.795978603078357,0.3322149532944409,0.3287164204156221
439,547.5534946229616,-164.65674515845072,2.549658117159991,2.551540321027729
440,547.5534946229616,-32.193948540805785,0.48111407487517216,0.4833738048542958
441,547.5534946229616,-309.4043482730263,4.651171634071751,4.68737110338713
442,547.5534946229616,-70.04257695546407,1.0883677591106848,1.0906582221299588
443,547.5534946229616,-472.10125,7.264341430664063,7.237968139648437
444,547.5534946229616,-62.79283819351604,0.9479617358528994,0.9408357997629094
445,547.5534946229616,-346.39915556066177,5.373430588666131,5.434352650361903
446,547.5534946229616,-11.729408203125,0.18339907836914063,0.1845142822265625
447,547.5534946229616,-11.733017578125,0.18074452209472655,0.1805757598876953
448,547.5534946229616,-121.27346770296391,1.947367245389014,1.8936003065600837
449,547.5534946229616,-93.51720610119048,1.4117062281048487,1.4033387199280754
450,691.9998975356208,-11.7775849609375,0.17972496032714844,0.17894970703125
451,691.9998975356208,-11.748626953125,0.17806179809570313,0.17576100158691407
452,691.9998975356208,-105.15015520368304,1.602245467049735,1.598977497645787
453,691.9998975356208,-11.7487998046875,0.17894392395019532,0.18012973022460937
454,691.9998975356208,-103.12518845942982,1.6330179582562363,1.627293770773369
455,691.9998975356208,-11.7767822265625,0.1828720703125,0.18211911010742188
456,691.9998975356208,-47.37149146295363,0.7327185600034652,0.7475195853940902
457,691.9998975356208,-64.94031164148352,0.9533701466990041,0.9549620911315247
458,691.9998975356208,-250.48063497340425,3.993634487720246,3.984329548287899
459,691.9998975356208,-33.055352219012605,0.4928054595861782,0.49177166594176736
460,691.9998975356208,-226.43507737379807,3.4425623967097354,3.4589755718524637
461,691.9998975356208,-57.4385239684466,0.8922427279277912,0.9058853445701229
462,691.9998975356208,-138.73586856617646,2.2304389504825366,2.2136650534237132
463,691.9998975356208,-137.94390443313952,2.145584461300872,2.1354654001635174
464,691.9998975356208,-11.8629091796875,0.18628659057617186,0.1864141845703125
465,691.9998975356208,-95.215609375,1.4838121337890624,1.4754580078125
466,691.9998975356208,-92.80641174316406,1.4380956888198853,1.426917314529419
467,691.9998975356208,-101.06815247616525,1.5673530707925052,1.571385658393472
468,691.9998975356208,-59.340703125,0.9142210388183594,0.9096871185302734
469,691.9998975356208,-225.98520415683961,3.4535675048828125,3.4526594629827536
470,691.9998975356208,-12.0073828125,0.18602423095703124,0.18516018676757812
471,691.9998975356208,-630.7791940789474,9.602385671515213,9.520800941868833
472,691.9998975356208,-32.32850667537062,0.4920429733564269,0.4894050536451314
473,691.9998975356208,-192.74388860887098,2.9804670272334928,2.998472152217742
474,691.9998975356208,-11.9501298828125,0.18896418762207032,0.18621311950683594
475,436.1501535008659,-11.9852724609375,0.18986647033691406,0.1901175994873047
476,436.1501535008659,-11.942302734375,0.19006013488769533,0.18840443420410155
477,436.1501535008659,-11.959572265625,0.1835632781982422,0.18657984924316406
478,436.1501535008659,-81.28933487457483,1.2662787405001064,1.257675586103582
479,436.1501535008659,-57.46827580378606,0.8456354874830979,0.8220143684974084
480,436.1501535008659,-547.0862926136364,8.64643721147017,8.55155459317294
481,436.1501535008659,-11.989390625,0.1839709167480469,0.18625857543945312
482,436.1501535008659,-332.14189995659723,5.189926571316189,5.263521830240886
483,436.1501535008659,-548.2746803977273,8.795658458362926,8.792735013094815
484,436.1501535008659,-857.3683733258929,13.45842524937221,13.30643790108817
485,436.1501535008659,-11.99208203125,0.18614756774902344,0.18291864013671874
486,436.1501535008659,-376.9541015625,5.942795276641846,5.972384929656982
487,436.1501535008659,-12.041849609375,0.19490235900878905,0.19314126586914063
488,436.1501535008659,-21.81925930942062,0.3455170958581632,0.34820634605240647
489,436.1501535008659,-447.17411747685185,7.0556894938151045,6.900652284975405
490,436.1501535008659,-12.0270615234375,0.18181661987304687,0.18343402099609374
491,436.1501535008659,-47.884447854662696,0.7331332252139137,0.7304107423812624
492,436.1501535008659,-669.52734375,10.022739834255642,10.00328148735894
493,436.1501535008659,-125.3172607421875,1.9598816235860188,1.9339764912923176
494,436.1501535008659,-44.39438350438192,0.6770731795757899,0.6689092769833949
495,436.1501535008659,-156.97909902597402,2.4415847976486402,2.4305558638139204
496,436.1501535008659,-63.08418377781414,0.962138949888539,0.9546155679912467
497,436.1501535008659,-96.5578671875,1.4812928466796875,1.47766650390625
498,436.1501535008659,-13.478270938199104,0.21004376848805403,0.20710197977838368
499,436.1501535008659,-12.0912119140625,0.1920623321533203,0.1894311981201172
500,448.7197747440685,-484.41890625,7.467880859375,7.456158447265625
501,448.7197747440685,-19.565368554373997,0.30341595057308385,0.3016365014530874
502,448.7197747440685,-12.1276689453125,0.19509675598144532,0.19359056091308594
503,448.7197747440685,-192.77568514384922,3.028267270042783,2.977415781172495
504,448.7197747440685,-12.06993359375,0.18604452514648437,0.18697596740722655
505,448.7197747440685,-48.148221343873516,0.726815988894979,0.7219108611698678
506,448.7197747440685,-337.3038736979167,5.479164547390408,5.344971126980251
507,448.7197747440685,-183.7877752130682,2.902952714399858,2.913182576497396
508,448.7197747440685,-33.47857481060606,0.5332759720563232,0.523765542947228
509,448.7197747440685,-12.13244921875,0.18944352722167968,0.18946121215820313
510,448.7197747440685,-529.3378057065217,8.466694707455842,8.414852639903193
511,448.7197747440685,-675.6170247395834,10.554023742675781,10.489214579264322
512,448.7197747440685,-318.6167763157895,5.082973279451069,5.0401358353464225
513,448.7197747440685,-44.604635273580584,0.7210643614604796,0.7164827563387134
514,448.7197747440685,-673.5416666666666,10.892638312445747,10.833408779568142
515,448.7197747440685,-12.111525390625,0.19711724853515625,0.2002779541015625
516,448.7197747440685,-147.198148060994,2.334911484316171,2.3508593088173004
517,448.7197747440685,-29.063257998511904,0.47066232590448287,0.47318663824172247
518,448.7197747440685,-12.205501953125,0.18436248779296874,0.18203057861328126
519,448.7197747440685,-100.81622869318181,1.6042181598253487,1.5991697705481662
520,448.7197747440685,-254.07027180989584,4.000914891560872,3.972667694091797
521,448.7197747440685,-30.836166266530228,0.4792275608937146,0.47430592880441197
522,448.7197747440685,-65.59315146169355,1.0392057357295867,1.0370930497364332
523,448.7197747440685,-82.26563155411074,1.3320188586343855,1.331757001428796
524,448.7197747440685,-680.1048719618055,10.521006266276041,10.457451714409721
525,172.34351775414967,-12.1737373046875,0.19244082641601562,0.19266334533691407
526,172.34351775414967,-315.5406901041667,5.019386095878406,5.044796674679487
527,172.34351775414967,-172.53361575704224,2.691166192712918,2.7126980633802815
528,172.34351775414967,-12.217904296875,0.1941220245361328,0.19329512023925782
529,172.34351775414967,-12.24310546875,0.19925662231445312,0.20140846252441405
530,172.34351775414967,-73.32745836452096,1.170711311751497,1.1674092001543788
531,172.34351775414967,-469.60888671875,7.416604849008413,7.370822613055889
532,172.34351775414967,-12.3225185546875,0.19883052062988282,0.19596101379394532
533,172.34351775414967,-761.5875854492188,11.949226379394531,11.99600601196289
534,172.34351775414967,-203.10013020833333,3.200494384765625,3.1381235758463544
535,172.34351775414967,-813.4819010416667,13.178465779622396,13.147395833333333
536,172.34351775414967,-870.7923409598214,13.420947483607701,13.463204520089286
537,172.34351775414967,-24.97789110234216,0.37391277243309257,0.3768925870751655
538,172.34351775414967,-52.71938981681034,0.8356927674392174,0.8348436026737608
539,172.34351775414967,-12.2500078125,0.18950149536132813,0.18825009155273437
540,172.34351775414967,-408.1968098958333,6.683488972981771,6.664158630371094
541,172.34351775414967,-81.19306187913908,1.2836761474609375,1.2879496189142694
542,172.34351775414967,-370.97585227272725,6.038982506954309,6.031224106297349
543,172.34351775414967,-12.279740234375,0.19373388671875,0.19137901306152344
544,172.34351775414967,-53.73519377729258,0.8503680499880595,0.8432355322692071
545,172.34351775414967,-12.2435712890625,0.1894115753173828,0.1901448211669922
546,172.34351775414967,-12.2608798828125,0.19419950866699218,0.19440867614746093
547,172.34351775414967,-139.4203768643466,2.242500651966442,2.218975067138672
548,172.34351775414967,-407.71087239583335,6.658617655436198,6.688275146484375
549,172.34351775414967,-12.26139453125,0.19771611022949218,0.19756828308105467
550,220.16853845855752,-112.17443735665138,1.7052797090022935,1.701447093158687
551,220.16853845855752,-322.68153782894734,5.204348513954564,5.138850563450863
552,220.16853845855752,-191.65797424316406,3.0140717029571533,3.0100295543670654
553,220.16853845855752,-557.8137428977273,8.563350330699574,8.521836020729758
554,220.16853845855752,-115.86377874410377,1.850399521161925,1.8502613283553213
555,220.16853845855752,-160.0448711444805,2.5448844216086646,2.567350115094866
556,220.16853845855752,-125.86097935267857,2.0009613037109375,1.9886018402722416
557,220.16853845855752,-57.21922692587209,0.9217188635537791,0.916519661836846
558,220.16853845855752,-425.4744410021552,6.4887847900390625,6.4934976511988145
559,220.16853845855752,-183.08452367070896,2.8778344908756996,2.8663469001428403
560,220.16853845855752,-56.655900587729356,0.9064764320303541,0.9106212230997348
561,220.16853845855752,-12.3607421875,0.19287234497070313,0.192723388671875
562,220.16853845855752,-173.83394311179578,2.729855389662192,2.7222161091549295
563,220.16853845855752,-111.70702237215909,1.785579334605824,1.7769091519442473
564,220.16853845855752,-12.3612412109375,0.2034996795654297,0.20464706420898438
565,220.16853845855752,-12.3969052734375,0.19622021484375,0.19434661865234376
566,220.16853845855752,-12.3567158203125,0.2048133544921875,0.20436795043945313
567,220.16853845855752,-12.327853515625,0.19672679138183594,0.19844158935546874
568,220.16853845855752,-300.2543349847561,4.786417891339558,4.71497065846513
569,220.16853845855752,-38.75357562695925,0.6057636416444211,0.612991811339758
570,220.16853845855752,-952.0706129807693,16.07404033954327,15.971255962665264
571,220.16853845855752,-114.5372902199074,1.846571886980975,1.827991768165871
572,220.16853845855752,-73.396484375,1.1651271842640532,1.1572753183940458
573,220.16853845855752,-77.38598022460937,1.2626799583435058,1.280998420715332
574,220.16853845855752,-12.4570185546875,0.20621913146972656,0.20550193786621093
575,123.33893203464211,-139.62298103932585,2.2585615522406073,2.214025604590941
576,123.33893203464211,-51.570369466145834,0.8083752314249675,0.8021862030029296
577,123.33893203464211,-12.347248046875,0.19228984069824218,0.1904082794189453
578,123.33893203464211,-56.17697185359589,0.9089989509756706,0.8997997823915526
579,123.33893203464211,-28.192224871867882,0.4405459184581435,0.4459803066384005
580,123.33893203464211,-140.57302024147728,2.2787498127330434,2.2512023232199927
581,123.33893203464211,-12.399078125,0.19472608947753905,0.19426568603515626
582,123.33893203464211,-12.324005859375,0.1941915740966797,0.19382510375976564
583,123.33893203464211,-87.57483516179079,1.399283010063442,1.3896793879515736
584,123.33893203464211,-143.77866097383722,2.303655047749364,2.269868717637173
585,123.33893203464211,-12.4414921875,0.2028541259765625,0.20175250244140625
586,123.33893203464211,-88.06959912455673,1.4137202053205342,1.420014942791445
587,123.33893203464211,-67.14255701013514,1.07692120526288,1.0647929423564189
588,123.33893203464211,-12.4503466796875,0.20227365112304688,0.20030545043945314
589,123.33893203464211,-376.8182410037879,6.098916718454072,5.988548510002367
590,123.33893203464211,-12.4356865234375,0.19696258544921874,0.19749929809570313
591,123.33893203464211,-58.98511552132702,0.9336568823357894,0.921842674508479
592,123.33893203464211,-732.7680376838235,11.586124195772058,11.625800637637868
593,123.33893203464211,-366.0481962316176,5.715283113367417,5.708674262551701
594,123.33893203464211,-12.4194267578125,0.19529763793945312,0.19796726989746094
595,123.33893203464211,-563.5013316761364,8.848688992587002,8.868358958851207
596,123.33893203464211,-12.407603515625,0.19922950744628906,0.19943869018554689
597,123.33893203464211,-12.3961953125,0.20826643371582032,0.21017315673828124
598,123.33893203464211,-264.39831283244683,4.231920282891456,4.248255952875665
599,123.33893203464211,-12.3487412109375,0.1919767303466797,0.1926318359375
600,620.6248038565951,-12.3980966796875,0.1976310272216797,0.1950068359375
601,620.6248038565951,-40.51930466196895,0.6482999215718188,0.6437738954631331
602,620.6248038565951,-176.79447544642858,2.721856689453125,2.698565455845424
603,620.6248038565951,-30.75349532023515,0.48456165578105664,0.47860710219581526
604,620.6248038565951,-12.4056806640625,0.18909071350097656,0.19110784912109374
605,620.6248038565951,-12.4064111328125,0.1951325225830078,0.1948472900390625
606,620.6248038565951,-42.40231405722128,0.6680593748350401,0.6659006685824007
607,620.6248038565951,-56.4408203125,0.9195426940917969,0.9277078108354049
608,620.6248038565951,-211.36089777542372,3.361074415303893,3.3037818003509005
609,620.6248038565951,-194.8032989501953,3.2199771404266357,3.210132122039795
610,620.6248038565951,-777.0457763671875,12.56657600402832,12.497453689575195
611,620.6248038565951,-204.6085265112705,3.2549843709976947,3.182521632460297
612,620.6248038565951,-12.5320947265625,0.19980084228515624,0.20144430541992187
613,620.6248038565951,-12.487376953125,0.2020870361328125,0.19842903137207032
614,620.6248038565951,-415.67945963541666,6.474834187825521,6.538196818033854
615,620.6248038565951,-74.34771437872024,1.2147481100899833,1.1831248147147042
616,620.6248038565951,-113.86099076704545,1.8050870028409092,1.7868431784889915
617,620.6248038565951,-12.5140654296875,0.1984734649658203,0.19683444213867188
618,620.6248038565951,-12.4500556640625,0.20408645629882813,0.20369955444335938
619,620.6248038565951,-75.66107362689394,1.2185994466145833,1.210968387488163
620,620.6248038565951,-191.34301382211538,3.043628399188702,3.0076683631310095
621,620.6248038565951,-82.34326171875,1.2864030536852384,1.2581708807694285
622,620.6248038565951,-53.36510917467949,0.8177254179604033,0.8220371996235644
623,620.6248038565951,-12.5082333984375,0.193257080078125,0.19522975158691405
624,620.6248038565951,-12.485416015625,0.19673590087890624,0.193532958984375
625,661.1882897667473,-190.57645300662878,3.1767071810635654,3.1133355805368135
626,661.1882897667473,-41.68194661458333,0.6607747904459635,0.6538090515136719
627,661.1882897667473,-241.1663536658654,3.9189473665677586,3.9081010084885817
628,661.1882897667473,-186.90295592350745,2.9695159001136893,2.9282834636631296
629,661.1882897667473,-45.99867645375458,0.7172204880487352,0.7193052969572745
630,661.1882897667473,-12.6060546875,0.19951312255859374,0.1997209930419922
631,661.1882897667473,-144.65463362068965,2.275664757037985,2.27105590118759
632,661.1882897667473,-61.68128638174019,0.9479854808134192,0.9388854830872779
633,661.1882897667473,-138.61026571085165,2.2514319786658654,2.2370997837611606
634,661.1882897667473,-74.51067862426035,1.1796227630073501,1.1783873428254439
635,661.1882897667473,-44.273680783991225,0.7170015033922698,0.7125867341694079
636,661.1882897667473,-787.7756958007812,12.478913307189941,12.315031051635742
637,661.1882897667473,-109.29732506793478,1.8117098600968071,1.780447122325068
638,661.1882897667473,-191.43575402462122,3.050627968528054,3.03731074477687
639,661.1882897667473,-12.6009609375,0.19895704650878906,0.19616679382324217
640,661.1882897667473,-323.7019230769231,5.1353212014222755,5.0870232215294475
641,661.1882897667473,-12.596861328125,0.19883447265625,0.1991327209472656
642,661.1882897667473,-89.11206920434397,1.4304053123961105,1.4221290967143174
643,661.1882897667473,-274.36824898097825,4.540821573008662,4.463838991911515
644,661.1882897667473,-69.12626094608517,1.120272709773137,1.1105923495449863
645,661.1882897667473,-12.61825390625,0.2056681213378906,0.20314579772949218
646,661.1882897667473,-256.3149713010204,4.228713055046237,4.219030263472576
647,661.1882897667473,-80.93754382011218,1.271689194899339,1.2896072192069812
648,661.1882897667473,-209.65533854166668,3.2769986470540364,3.271081034342448
649,661.1882897667473,-217.1499865301724,3.499964220770474,3.4674343240672143
650,295.50269189810626,-89.14162234042553,1.434620850475122,1.4196871493725067
651,295.50269189810626,-164.44754464285714,2.6384905530260756,2.5992570356889204
652,295.50269189810626,-293.2892668968023,4.625158975290698,4.5678015420603195
653,295.50269189810626,-745.4495634191177,11.874849207261029,11.948848051183363
654,295.50269189810626,-113.16496930803571,1.8509724480765206,1.8348891394478934
655,295.50269189810626,-26.313676727484474,0.44716592160811336,0.4439004143819552
656,295.50269189810626,-138.33554475203803,2.230621503747028,2.2114286008088486
657,295.50269189810626,-37.58089241005193,0.595732872846926,0.5992035908232103
658,295.50269189810626,-53.823307838760506,0.8665445792574843,0.8702555424025079
659,295.50269189810626,-108.40257745726495,1.7341466398320646,1.7074622781867654
660,295.50269189810626,-21.248535968698004,0.3409583017155652,0.3385547504647203
661,295.50269189810626,-12.774046875,0.20878645324707032,0.20576799011230468
662,295.50269189810626,-12.7943447265625,0.20762657165527343,0.20645069885253906
663,295.50269189810626,-12.833423828125,0.2084794464111328,0.20881617736816407
664,295.50269189810626,-152.2405250186012,2.453082311721075,2.436703091575986
665,295.50269189810626,-134.90513980263157,2.1591610557154604,2.1701279489617598
666,295.50269189810626,-174.85672624143837,2.793695946262307,2.774045761317423
667,295.50269189810626,-66.52674162079016,1.0784338125910784,1.0887057447680537
668,295.50269189810626,-26.039212740384617,0.4210360445956952,0.42063715390348244
669,295.50269189810626,-12.912794921875,0.20597132873535157,0.20236207580566407
670,295.50269189810626,-131.43891501913265,2.181648098692602,2.149970229791135
671,295.50269189810626,-12.83016796875,0.22055189514160156,0.2159732360839844
672,295.50269189810626,-154.5570641942771,2.571877904685147,2.5243543142295746
673,295.50269189810626,-328.84422576121796,5.505590585561899,5.508877485226362
674,295.50269189810626,-49.63313676399614,0.7884983961186354,0.77687237713788
675,902.7836173052914,-281.130859375,4.516027367633322,4.53470114003057
676,902.7836173052914,-123.29986049107143,1.9378441220238096,1.9235024588448661
677,902.7836173052914,-12.8654990234375,0.21170462036132812,0.21434568786621094
678,902.7836173052914,-50.15430447470817,0.8326914746473736,0.8275987202091439
679,902.7836173052914,-859.4833333333333,13.69309794108073,13.578414916992188
680,902.7836173052914,-26.683994910529044,0.4393075650163706,0.43410605909418765
681,902.7836173052914,-165.93157802483975,2.7660802205403647,2.767976809770633
682,902.7836173052914,-12.8917822265625,0.20617083740234374,0.20423374938964844
683,902.7836173052914,-587.9541015625,10.023495067249645,10.057756597345525
684,902.7836173052914,-12.966123046875,0.20843243408203124,0.2086513366699219
685,902.7836173052914,-114.60873548119469,1.8241627110844165,1.8318343711110343
686,902.7836173052914,-12.9409853515625,0.2132606658935547,0.2114654083251953
687,902.7836173052914,-30.101351780017403,0.48857229989531975,0.4825210394272948
688,902.7836173052914,-126.73265165441177,2.0340398152669272,2.0303064982096353
689,902.7836173052914,-241.30975115740742,3.952533863208912,3.925118057816117
690,902.7836173052914,-217.04000651041667,3.5082547505696615,3.5108657836914063
691,902.7836173052914,-116.86391469594595,1.9277306634026605,1.9080594724363036
692,902.7836173052914,-189.09329710144928,2.9637707696444746,2.968583480171535
693,902.7836173052914,-12.948669921875,0.21280825805664064,0.20964790344238282
694,902.7836173052914,-72.91517622015449,1.211540822232707,1.1909319416860515
695,902.7836173052914,-94.57169242527173,1.5749639981034873,1.566831616387851
696,902.7836173052914,-13.0745224609375,0.21399531555175783,0.21371563720703124
697,902.7836173052914,-29.073825080038976,0.47311734409799555,0.4722129295026274
698,902.7836173052914,-13.0075458984375,0.20834608459472656,0.20640887451171874
699,902.7836173052914,-75.43059067919076,1.2581883248566204,1.2399742699771947
700,536.5429265519563,-39.01419231848802,0.6358211311751497,0.6346827524150916
701,536.5429265519563,-13.050357421875,0.22100550842285155,0.22148818969726564
702,536.5429265519563,-12.94162890625,0.20702427673339843,0.2065473175048828
703,536.5429265519563,-40.146670673076926,0.6457425631009616,0.6367867807241586
704,536.5429265519563,-88.38027211782095,1.4251885285248627,1.42068996944943
705,536.5429265519563,-126.41495373179612,2.0338312537924756,2.0396494448763653
706,536.5429265519563,-13.1882177734375,0.2104163360595703,0.20772012329101563
707,536.5429265519563,-67.11082231570512,1.1147990691356169,1.0962018135266427
708,536.5429265519563,-57.11125562909389,0.9638635227253344,0.9548605040171261
709,536.5429265519563,-62.03154481132076,0.9866202732302108,0.9857616064683447
710,536.5429265519563,-109.85779622395833,1.808682378133138,1.8093756357828776
711,536.5429265519563,-138.9068050986842,2.3298307719983553,2.348615947522615
712,536.5429265519563,-83.8219048566879,1.3900584810099024,1.3736404127376094
713,536.5429265519563,-41.57614406151107,0.6856886948211284,0.6798997710022745
714,536.5429265519563,-57.12392197646104,0.9003868598442573,0.9047747855578666
715,536.5429265519563,-95.67236679406474,1.5925480684788107,1.576722069609937
716,536.5429265519563,-13.188001953125,0.21330221557617188,0.2129312286376953
717,536.5429265519563,-13.18510546875,0.20973060607910157,0.20769174194335938
718,536.5429265519563,-13.2179521484375,0.21043853759765624,0.21232096862792968
719,536.5429265519563,-13.17501171875,0.2116673126220703,0.2100615234375
720,536.5429265519563,-13.19373046875,0.2063367156982422,0.20271470642089845
721,536.5429265519563,-203.25216346153846,3.229189124474159,3.219884784405048
722,536.5429265519563,-281.80726396276594,4.626495685983212,4.55349406790226
723,536.5429265519563,-13.144767578125,0.20636322021484374,0.207947998046875
724,536.5429265519563,-322.7754858993902,5.193605748618522,5.170306694216844
725,365.3160423380031,-13.15221484375,0.21964779663085937,0.21538134765625
726,365.3160423380031,-117.35415514380531,1.927894659801922,1.8868604001745712
727,365.3160423380031,-191.38006680253622,3.0805779056272646,3.09873608575351
728,365.3160423380031,-85.63467741935484,1.3673841907132056,1.370480248235887
729,365.3160423380031,-38.497657953306685,0.6362378320028615,0.6355581505354061
730,365.3160423380031,-323.0855087652439,5.485668275414444,5.449299882097942
731,365.3160423380031,-388.85730698529414,6.398805954877068,6.4944157319910385
732,365.3160423380031,-13.275373046875,0.22634585571289062,0.22161766052246093
733,365.3160423380031,-188.7551060267857,3.1429942539760045,3.112623814174107
734,365.3160423380031,-168.95735265031647,2.830337717563291,2.7777032007144977
735,365.3160423380031,-191.0515625,3.0361604963030135,3.0600378853934154
736,365.3160423380031,-86.11051537298387,1.404588662424395,1.388751220703125
737,365.3160423380031,-13.3294296875,0.213453369140625,0.2151174774169922
738,365.3160423380031,-33.815713285195706,0.551089701026377,0.5482650140319207
739,365.3160423380031,-43.752196465163934,0.6862416251761014,0.6804371317879099
740,365.3160423380031,-13.3688896484375,0.21942141723632813,0.21494560241699218
741,365.3160423380031,-13.2847890625,0.21188404846191405,0.20935105895996095
742,365.3160423380031,-66.7215966796875,1.1102169036865235,1.1023602294921875
743,365.3160423380031,-13.412748046875,0.21595301818847656,0.21457810974121094
744,365.3160423380031,-16.713152009758364,0.27073323416444006,0.26894515745406405
745,365.3160423380031,-13.37127734375,0.21492991638183595,0.21109349060058594
746,365.3160423380031,-280.5746256510417,4.547870635986328,4.472460746765137
747,365.3160423380031,-609.7492009943181,9.940868724476207,9.826203779740768
748,365.3160423380031,-13.420623046875,0.21468226623535155,0.21401272583007813
749,365.3160423380031,-204.18158143939394,3.208017522638494,3.1568848581025093
750,787.7922014596944,-61.42716175426136,0.9674781105735085,0.9676172429865056
751,787.7922014596944,-28.65742229144456,0.45066810721781714,0.45535317361990274
752,787.7922014596944,-13.498560546875,0.2127869873046875,0.21094146728515625
753,787.7922014596944,-33.3692945658867,0.5461813264292449,0.5419817393636469
754,787.7922014596944,-170.88182357594937,2.8296812033351464,2.7732557465758503
755,787.7922014596944,-13.5526259765625,0.22167665100097655,0.2177324676513672
756,787.7922014596944,-22.52525998118729,0.36967289647131063,0.37212897463387073
757,787.7922014596944,-77.0663896040483,1.2509652051058682,1.2573165893554688
758,787.7922014596944,-421.9901428222656,6.676943302154541,6.634926795959473
759,787.7922014596944,-76.56620762711864,1.2094861046742584,1.2132908018295374
760,787.7922014596944,-13.576916015625,0.21807627868652343,0.218694580078125
761,787.7922014596944,-169.6064453125,2.7200803756713867,2.7030893325805665
762,787.7922014596944,-681.078271484375,11.076026153564452,10.946636199951172
763,787.7922014596944,-13.57119921875,0.22560784912109375,0.2217040557861328
764,787.7922014596944,-13.59268359375,0.2170047149658203,0.214024169921875
765,787.7922014596944,-13.659955078125,0.21331582641601562,0.21303419494628906
766,787.7922014596944,-13.572541015625,0.21086044311523439,0.21263499450683593
767,787.7922014596944,-51.23915501644737,0.8174871000132167,0.8188371012981673
768,787.7922014596944,-146.363522765457,2.3773170389154905,2.325210899435064
769,787.7922014596944,-80.52476447610294,1.2652515186982995,1.2402239631204044
770,787.7922014596944,-231.10826602224577,3.696059404793432,3.6717345674159163
771,787.7922014596944,-304.1062934027778,5.080641343858507,5.046460978190104
772,787.7922014596944,-25.385272930194805,0.4096102741078676,0.4058827982320414
773,787.7922014596944,-83.57346846417683,1.3036487858469894,1.3243152339284012
774,787.7922014596944,-13.6826884765625,0.22540963745117187,0.2254813690185547
775,440.704564934626,-13.69996484375,0.2188604278564453,0.2150948486328125
776,440.704564934626,-471.43123653017244,7.797962057179418,7.644397077889278
777,440.704564934626,-285.9750162760417,4.52098019917806,4.489158948262532
778,440.704564934626,-13.743177734375,0.23114610290527343,0.22891769409179688
779,440.704564934626,-42.80133798189252,0.694411375812281,0.6814040424667787
780,440.704564934626,-13.734837890625,0.22299301147460937,0.22223968505859376
781,440.704564934626,-39.2246484375,0.6367650059291294,0.6296789114815848
782,440.704564934626,-27.6660782502505,0.4453065983040299,0.44104835647858215
783,440.704564934626,-148.21669186827958,2.4996830109627015,2.4742215064264115
784,440.704564934626,-174.443359375,2.8576698786095727,2.839536449577235
785,440.704564934626,-28.12670001594388,0.4595041703204719,0.46146863042091835
786,440.704564934626,-18.105139816104195,0.2958950377698026,0.29600474906311436
787,440.704564934626,-112.33939913617886,1.8430918871871824,1.8223025934482977
788,440.704564934626,-129.91240143107476,2.1803764271958967,2.161767406998394
789,440.704564934626,-203.73585420496323,3.3067227531881893,3.3159197639016544
790,440.704564934626,-23.35031230337668,0.3752792665622378,0.36903074123715396
791,440.704564934626,-68.66877127165841,1.0947670511680074,1.0806187544718828
792,440.704564934626,-13.853365234375,0.22204957580566406,0.21840315246582032
793,440.704564934626,-61.76378422289823,0.9883592318644566,0.9903087109591053
794,440.704564934626,-13.8215263671875,0.2313334045410156,0.22857591247558592
795,440.704564934626,-173.787890625,2.6287324905395506,2.6361156463623048
796,440.704564934626,-324.8650299781977,5.154629374659339,5.140035230059956
797,440.704564934626,-537.9142503004807,8.79782984806941,8.746204669658955
798,440.704564934626,-13.8895380859375,0.2212069549560547,0.22179161071777342
799,440.704564934626,-80.13950251436782,1.251605680619163,1.2386374637998383
800,353.6893609771669,-44.48778825864148,0.7292083543979854,0.7173851969924387
801,353.6893609771669,-13.860572265625,0.22526715087890625,0.22437992858886718
802,353.6893609771669,-101.8712078010949,1.6281827383667884,1.603409927256786
803,353.6893609771669,-151.19091796875,2.4173501056173574,2.3974062048870586
804,353.6893609771669,-113.3380494156504,1.7955920211667937,1.7983085818407012
805,353.6893609771669,-14.0097431640625,0.22521311950683592,0.22565263366699218
806,353.6893609771669,-148.93513131648936,2.3364790246841753,2.3170654621530087
807,353.6893609771669,-47.48378706951531,0.7404153525423841,0.7418008921097736
808,353.6893609771669,-59.94189870459402,0.9800574799888154,0.9772104768671541
809,353.6893609771669,-146.2198486328125,2.354593594868978,2.338265577952067
810,353.6893609771669,-13.9666513671875,0.2300369873046875,0.23124484252929686
811,353.6893609771669,-64.16622966609589,1.0100448817422945,0.9982404316941352
812,353.6893609771669,-14.010146484375,0.2220247802734375,0.2215791015625
813,353.6893609771669,-102.23175182481752,1.7046825102645986,1.6939897746065238
814,353.6893609771669,-14.004603515625,0.21940383911132813,0.2188414764404297
815,353.6893609771669,-85.88155011432927,1.379642021365282,1.3762908563381289
816,353.6893609771669,-187.58778505067568,3.001520723909945,3.0059156675596497
817,353.6893609771669,-425.5582682291667,6.655850497159091,6.534861709132339
818,353.6893609771669,-822.9970128676471,13.04488327923943,12.946364458869486
819,353.6893609771669,-30.96019008703399,0.4944057129977042,0.49489299038000273
820,353.6893609771669,-65.7716631822183,1.0919307655012105,1.0762919394622945
821,353.6893609771669,-14.108955078125,0.23739686584472655,0.23446136474609375
822,353.6893609771669,-485.96736934267244,7.829079463564116,7.726169454640355
823,353.6893609771669,-101.94200067934783,1.62953772061113,1.6384604633718296
824,353.6893609771669,-14.069197265625,0.22391665649414064,0.22029844665527343
825,549.1409534902896,-14.02581640625,0.22969381713867187,0.22748414611816406
826,549.1409534902896,-14.1262578125,0.2258890838623047,0.22241976928710938
827,549.1409534902896,-106.07447574013158,1.6269571404708059,1.6097721874265742
828,549.1409534902896,-45.333294480846774,0.7134743475144909,0.7031171244959677
829,549.1409534902896,-94.23537760416667,1.4843618774414062,1.4812282307942708
830,549.1409534902896,-140.14541112314356,2.211632454749381,2.1972654739228807
831,549.1409534902896,-252.65101841517858,3.8387156895228793,3.8284873962402344
832,549.1409534902896,-107.40142637310606,1.725852157130386,1.7009664593320903
833,549.1409534902896,-239.77280852754237,3.824774531994836,3.8262417033567266
834,549.1409534902896,-672.609375,10.355600992838541,10.317354474748884
835,549.1409534902896,-289.2665019132653,4.610654558454241,4.601761175661671
836,549.1409534902896,-525.1197916666666,8.258785106517651,8.265245790834781
837,549.1409534902896,-14.151435546875,0.22557691955566406,0.22872128295898436
838,549.1409534902896,-392.5436740451389,6.171579996744792,6.141760084364149
839,549.1409534902896,-86.12984751506023,1.382753670933735,1.3848386098103351
840,549.1409534902896,-225.50477430555554,3.694645472935268,3.6923077295696927
841,549.1409534902896,-14.254720703125,0.22129307556152344,0.22002978515625
842,549.1409534902896,-509.0200892857143,8.192264556884766,8.01088115147182
843,549.1409534902896,-14.1866572265625,0.23075564575195312,0.2280474853515625
844,549.1409534902896,-176.66678466796876,2.728049087524414,2.7025671005249023
845,549.1409534902896,-93.01835682189542,1.4493720360051572,1.4516623503242443
846,549.1409534902896,-164.17003412356323,2.610371381386943,2.6033469013784125
847,549.1409534902896,-44.1064151716821,0.689380881227093,0.6877718325014468
848,549.1409534902896,-89.01165771484375,1.3562756538391114,1.3596080780029296
849,549.1409534902896,-88.57834336180125,1.3814101130325602,1.3415545351016596
850,516.2998435710573,-14.2629150390625,0.2282676086425781,0.2278065185546875
851,516.2998435710573,-90.45880513251582,1.4262173809582674,1.4295348155347607
852,516.2998435710573,-42.794687265390394,0.6511216263871293,0.6517636410824887
853,516.2998435710573,-128.30316547015767,2.0588729445998735,2.0123509587468327
854,516.2998435710573,-14.25690234375,0.22728073120117187,0.22375387573242186
855,516.2998435710573,-125.98031455592105,1.985723662794682,1.9858381037126507
856,516.2998435710573,-132.61908637152777,2.059684329562717,2.0883199903700085
857,516.2998435710573,-398.8116861979167,6.3051647610134545,6.283733367919922
858,516.2998435710573,-14.3447685546875,0.22429844665527343,0.22539433288574218
859,516.2998435710573,-80.43318227703652,1.2578976234693207,1.2612859318765361
860,516.2998435710573,-59.715492090248965,0.9351287461910011,0.9290368171153721
861,516.2998435710573,-73.30605969551281,1.1752255170773238,1.15825680463742
862,516.2998435710573,-259.90268110795455,4.232424371892756,4.22076582475142
863,516.2998435710573,-139.96590564320388,2.162294406335331,2.1577684717270933
864,516.2998435710573,-312.0900560461956,4.946648970894191,4.880992723547894
865,516.2998435710573,-82.02251642400569,1.2783506566827947,1.2553499395197087
866,516.2998435710573,-102.69261829565603,1.5939274781139185,1.586878350440492
867,516.2998435710573,-109.68248401988636,1.6344149040453362,1.6307828498609138
868,516.2998435710573,-29.403715730444784,0.47964068765776774,0.4761372197625096
869,516.2998435710573,-14.45027734375,0.22414688110351563,0.22246820068359374
870,516.2998435710573,-121.42759486607143,1.9310670740464155,1.9244020606289391
871,516.2998435710573,-283.98751531862746,4.5315815046721815,4.464017082663143
872,516.2998435710573,-43.3651123046875,0.6857962381272089,0.6809086572556269
873,516.2998435710573,-31.208300572135975,0.475184830659462,0.4736256568794332
874,516.2998435710573,-352.6371474847561,5.755805410989901,5.705552636123285
875,833.073332836573,-250.69642376077587,3.9402668393891433,3.9181802683863145
876,833.073332836573,-309.52634640957444,4.973379906187666,4.927686650702294
877,833.073332836573,-14.496732421875,0.23066343688964844,0.22853982543945311
878,833.073332836573,-47.71513831967213,0.752507794489626,0.74788082935771
879,833.073332836573,-114.31499138779527,1.855150117648868,1.828059519369771
880,833.073332836573,-61.77633408368644,1.0043536040742518,0.9925785387976694
881,833.073332836573,-14.58927734375,0.23649940490722657,0.23146788024902343
882,833.073332836573,-45.15152842679128,0.7131867215640819,0.7088064508646077
883,833.073332836573,-33.796052512325986,0.5411579813592119,0.5457340249329321
884,833.073332836573,-41.564654017857144,0.6541432407924107,0.659994637625558
885,833.073332836573,-49.83701473904639,0.7893373155102288,0.7825055728663284
886,833.073332836573,-366.2767822265625,6.044430160522461,5.964532852172852
887,833.073332836573,-14.603619140625,0.22776876831054688,0.22842228698730468
888,833.073332836573,-14.5534794921875,0.22588279724121094,0.22357286071777344
889,833.073332836573,-264.9740056818182,4.33136346990412,4.305980058149858
890,833.073332836573,-14.526720703125,0.22453843688964845,0.2241009521484375
891,833.073332836573,-14.5722109375,0.2287222137451172,0.226919677734375
892,833.073332836573,-137.22379864386792,2.2333058771097436,2.174475327977594
893,833.073332836573,-78.64822635135135,1.265995252454603,1.2642785974451014
894,833.073332836573,-56.103192608173075,0.919260993370643,0.9080908555250902
895,833.073332836573,-57.642332062007874,0.8998539241280142,0.892886184331939
896,833.073332836573,-14.5876162109375,0.22552621459960936,0.2243968048095703
897,833.073332836573,-103.54338138204226,1.6045391458860585,1.6145148478763205
898,833.073332836573,-60.59409443075726,0.992847616741766,0.9826140344390236
899,833.073332836573,-135.90029116030092,2.1374260231300637,2.1142295554832176
900,323.78728261723194,-14.588671875,0.22699504089355468,0.2251222686767578
901,323.78728261723194,-14.600306640625,0.2276480712890625,0.22809481811523438
902,323.78728261723194,-32.637215750558035,0.4881259373256138,0.48625929015023367
903,323.78728261723194,-91.60489251746894,1.4491457731827446,1.4371814609314344
904,323.78728261723194,-63.933772078804346,1.0092730314835259,0.9964105357294497
905,323.78728261723194,-522.775390625,8.396791185651507,8.411746433803014
906,323.78728261723194,-94.22239332932692,1.5342356363932292,1.5155755067482972
907,323.78728261723194,-14.6244296875,0.2328712158203125,0.2293227844238281
908,323.78728261723194,-68.10362413194444,1.0746382960566767,1.0647444548430267
909,323.78728261723194,-14.7012880859375,0.22929168701171876,0.22483810424804687
910,323.78728261723194,-79.8864109205163,1.312909001889436,1.310394867606785
911,323.78728261723194,-108.13897346047794,1.7215678271125345,1.707958558026482
912,323.78728261723194,-490.15732421875,8.009126281738281,7.897761535644531
913,323.78728261723194,-73.75766037217336,1.0875846057680982,1.0828615121505967
914,323.78728261723194,-14.766228515625,0.2352595977783203,0.23328184509277344
915,323.78728261723194,-154.50447591145834,2.4598782857259116,2.424081007639567
916,323.78728261723194,-182.82161458333334,2.806606904959973,2.7510259180893133
917,323.78728261723194,-131.09397469579645,2.184277424770119,2.157081401453609
918,323.78728261723194,-189.40646284054486,2.883841098883213,2.9192471626477365
919,323.78728261723194,-61.2118127593361,0.9896875911728475,0.9894644709543569
920,323.78728261723194,-182.60358796296296,2.959201012128665,2.8824743576991705
921,323.78728261723194,-570.19677734375,9.091315049391527,8.99563950758714
922,323.78728261723194,-14.8449775390625,0.23800579833984375,0.236438720703125
923,323.78728261723194,-591.6744921875,9.21710693359375,9.045363159179688
924,323.78728261723194,-202.41015625,3.2664230555704195,3.23416911085991
925,600.9117705786605,-615.2601318359375,9.871695836385092,9.790836334228516
926,600.9117705786605,-35.87594582324455,0.5870488423123487,0.5838838812802664
927,600.9117705786605,-146.39023824257427,2.2723572985960705,2.234774598980894
928,600.9117705786605,-211.68969029017856,3.4518190656389507,3.436410958426339
929,600.9117705786605,-63.21670622362869,1.0346612085269977,1.0404404909801885
930,600.9117705786605,-148.91720703125,2.3207939147949217,2.2931973266601564
931,600.9117705786605,-149.76392834595958,2.3044256345190184,2.312371456261837
932,600.9117705786605,-203.8265598244863,3.0882037437125427,3.0515117906544305
933,600.9117705786605,-495.5873046875,7.710853068033854,7.574867248535156
934,600.9117705786605,-190.29032702323718,2.9605069282727365,2.922480656550481
935,600.9117705786605,-14.7526796875,0.236240966796875,0.23623271179199218
936,600.9117705786605,-122.98505294421487,1.9427069041354597,1.949335145556237
937,600.9117705786605,-119.5278359375,1.87402197265625,1.85884228515625
938,600.9117705786605,-497.5144856770833,8.08918965657552,8.020054626464844
939,600.9117705786605,-14.79675,0.2352823486328125,0.23504396057128907
940,600.9117705786605,-996.041015625,15.651001993815104,15.582061767578125
941,600.9117705786605,-177.03887648809524,2.75484375726609,2.743425823393322
942,600.9117705786605,-49.13279649077869,0.7946192506883966,0.7768630731301229
943,600.9117705786605,-29.10767947219488,0.4669547794372078,0.46420068815937193
944,600.9117705786605,-78.68791118421052,1.2653338783665706,1.2548512508994654
945,600.9117705786605,-14.946646484375,0.23914352416992188,0.24014141845703124
946,600.9117705786605,-14.91567578125,0.23428025817871093,0.23231198120117189
947,600.9117705786605,-311.3157958984375,4.913708686828613,4.894496599833171
948,600.9117705786605,-14.8858466796875,0.24292082214355468,0.24263804626464844
949,600.9117705786605,-24.818017496335845,0.3950711862126387,0.39486402962076006
950,401.03073974025875,-511.3359375,8.175201942180765,8.145738798996497
951,401.03073974025875,-14.8766689453125,0.24157522583007812,0.23973541259765624
952,401.03073974025875,-596.815234375,9.492799072265624,9.455208129882813
953,401.03073974025875,-47.758102660742814,0.7654468182938549,0.7562598572752346
954,401.03073974025875,-316.1576213430851,5.000903190450465,4.9050656582446805
955,401.03073974025875,-537.0981096540179,8.654623304094587,8.54689952305385
956,401.03073974025875,-53.94464857801259,0.8536316027744211,0.8440211453883768
957,401.03073974025875,-97.48492391748366,1.5607780506408293,1.5527992996515012
958,401.03073974025875,-237.65135168650792,3.8631419832744296,3.787384759812128
959,401.03073974025875,-54.14551133799639,0.8647330383961812,0.8496424816145364
960,401.03073974025875,-15.0190810546875,0.24228909301757812,0.24036312866210938
961,401.03073974025875,-56.233908582089555,0.8859291076660156,0.8876996965550664
962,401.03073974025875,-336.69620225694445,5.398306613498264,5.262993028428819
963,401.03073974025875,-837.3247612847222,13.20193142361111,12.898017035590279
964,401.03073974025875,-15.09821875,0.24861402893066406,0.2448788299560547
965,401.03073974025875,-15.1579296875,0.2395950927734375,0.23898011779785155
966,401.03073974025875,-599.916875,10.034622802734376,10.01733154296875
967,401.03073974025875,-15.03237890625,0.24085533142089843,0.23615629577636718
968,401.03073974025875,-35.37580960919204,0.565490293837822,0.5567817777325453
969,401.03073974025875,-15.115841796875,0.23635952758789064,0.23318302917480468
970,401.03073974025875,-15.117291015625,0.23638255310058592,0.23871092224121093
971,401.03073974025875,-581.6956505408654,8.9701901949369,8.975107633150541
972,401.03073974025875,-221.23279526654412,3.465757033404182,3.418509090647978
973,401.03073974025875,-15.1330234375,0.23254718017578124,0.22984732055664062
974,401.03073974025875,-23.3165283203125,0.37535231790424867,0.37917170112515675
975,149.14186127537886,-458.7652698863636,7.294185754024621,7.253047596324574
976,149.14186127537886,-173.67669046336206,2.6531417671291306,2.594269500381645
977,149.14186127537886,-133.16272615131578,2.0864126640453673,2.047362210457785
978,149.14186127537886,-228.53687263257575,3.670352820194129,3.6871754039417612
979,149.14186127537886,-17.989464014309014,0.2740514173767886,0.2733376753004986
980,149.14186127537886,-15.274505859375,0.24495846557617187,0.24430653381347656
981,149.14186127537886,-49.906728644120065,0.765180085834704,0.7527995862458882
982,149.14186127537886,-1380.9984019886363,22.333063299005683,22.1602783203125
983,149.14186127537886,-77.10052675189394,1.2347594752456204,1.205497510505445
984,149.14186127537886,-125.6423602143595,2.0398463729984506,2.0301116438936595
985,149.14186127537886,-105.39669460720486,1.7805226643880208,1.7634896172417536
986,149.14186127537886,-81.06922685339096,1.2682926096814744,1.2480061307866523
987,149.14186127537886,-228.17411963619404,3.590099505524137,3.5775706732451025
988,149.14186127537886,-150.13242953431373,2.408849977979473,2.3945882460650276
989,149.14186127537886,-15.1829150390625,0.24003074645996095,0.23582896423339844
990,149.14186127537886,-166.4456734035326,2.751648778500764,2.735589732294497
991,149.14186127537886,-1171.3811598557693,19.176478459284855,19.065968440129208
992,149.14186127537886,-172.1426329880618,2.713517435481039,2.732588864444347
993,149.14186127537886,-17.193072344805742,0.274808729017103,0.27095017991624437
994,149.14186127537886,-16.563352253573356,0.269387830551131,0.27242602499557544
995,149.14186127537886,-662.5281504755435,10.645379107931387,10.531979104746943
996,149.14186127537886,-21.340016725505578,0.3419931323957244,0.3378344420109833
997,149.14186127537886,-72.26258015182783,1.1388934873185068,1.1337997868375957
998,149.14186127537886,-15.318087890625,0.2506235046386719,0.24839726257324218
999,149.14186127537886,-552.7860979352679,8.652809688023158,8.617374420166016
1000,321.71915113715886,-261.2908170021187,4.111545368776483,4.10668117717161
1001,321.71915113715886,-182.3113257998512,2.9305098397391185,2.8547415960402716
1002,321.71915113715886,-174.1517666903409,2.865703062577681,2.8205687782981177
1003,321.71915113715886,-94.63738377108896,1.5337378379026074,1.5026560590311062
1004,321.71915113715886,-29.30400427756654,0.4664540454008733,0.4562348050309678
1005,321.71915113715886,-15.3327861328125,0.25087081909179687,0.24735061645507814
1006,321.71915113715886,-114.32071759259259,1.793906204788773,1.7737276430483218
1007,321.71915113715886,-95.03554205246914,1.5946276629412617,1.566395135573399
1008,321.71915113715886,-593.6772085336538,9.456616915189302,9.439168489896334
1009,321.71915113715886,-266.32876481681035,4.264943879226158,4.204976575127963
1010,321.71915113715886,-593.8812725360577,9.311177767240084,9.129534794734074
1011,321.71915113715886,-112.68176180428833,1.838299939232151,1.8103940643533303
1012,321.71915113715886,-182.43610983455883,3.0943219353170957,3.041364243451287
1013,321.71915113715886,-176.47792746803978,2.833850860595703,2.7678904099897905
1014,321.71915113715886,-15.5587939453125,0.25827880859375,0.2526120758056641
1015,321.71915113715886,-39.73633808992347,0.6518578432044204,0.6459390679184271
1016,321.71915113715886,-378.6799256859756,6.36216698623285,6.336360280106708
1017,321.71915113715886,-15.6102958984375,0.25605374145507814,0.2532140045166016
1018,321.71915113715886,-288.12187138310185,4.616924144603588,4.504912482367621
1019,321.71915113715886,-15.5431953125,0.24882859802246093,0.24510206604003906
1020,321.71915113715886,-485.3702392578125,7.3039164543151855,7.327286720275879
1021,321.71915113715886,-82.1887607473545,1.3244430299789187,1.3061246518735532
1022,321.71915113715886,-110.93238002232142,1.7195155552455357,1.7109608241489955
1023,321.71915113715886,-236.1862275094697,3.876820419773911,3.8388752792820786
1024,321.71915113715886,-379.6407679115854,6.002614091082317,6.006550486494855
1025,505.214593049351,-278.76944405691967,4.594930376325335,4.51183727809361
1026,505.214593049351,-101.06276807598039,1.7325234007991217,1.7113114899280024
1027,505.214593049351,-118.8489309995229,1.9829863337160067,1.9482724721195133
1028,505.214593049351,-140.4137985641892,2.200556299707911,2.1572440207541526
1029,505.214593049351,-52.84203203386288,0.8170851895641722,0.8063333058436978
1030,505.214593049351,-15.4750625,0.24581025695800782,0.24296034240722655
1031,505.214593049351,-625.199765625,9.750836181640626,9.5503515625
1032,505.214593049351,-162.39612833658853,2.4721431732177734,2.4071629842122397
1033,505.214593049351,-15.6752666015625,0.23956260681152344,0.23654608154296874
1034,505.214593049351,-33.441602817184155,0.5223511199624431,0.5114840848542893
1035,505.214593049351,-461.1953125,7.259557836196002,7.250169193043428
1036,505.214593049351,-94.86103397966868,1.499953212508236,1.467195901526026
1037,505.214593049351,-62.76227511827689,1.0014543267360247,0.9983377646640003
1038,505.214593049351,-15.736837890625,0.23742910766601563,0.2354427032470703
1039,505.214593049351,-15.685287109375,0.2460270233154297,0.24843814086914062
1040,505.214593049351,-256.0104540215164,4.047617927926486,4.01300799260374
1041,505.214593049351,-15.646888671875,0.2534642181396484,0.2516602783203125
1042,505.214593049351,-15.645869140625,0.2517277374267578,0.2472466278076172
1043,505.214593049351,-522.8534830729167,8.182081095377605,7.967240905761718
1044,505.214593049351,-177.2155240519663,2.8405094789655023,2.8158084140734725
1045,505.214593049351,-191.3738447980183,3.032013869867092,3.000842768971513
1046,505.214593049351,-61.44535827636719,0.9575533866882324,0.9503626823425293
1047,505.214593049351,-57.61267620584239,0.9179192142210145,0.915442591128142
1048,505.214593049351,-308.26443780637254,4.871045580097273,4.815512563668046
1049,505.214593049351,-292.22008825231484,4.669629414876302,4.640840035897714
1050,350.1341399087949,-327.3878580729167,5.177432060241699,5.130165735880534
1051,350.1341399087949,-38.862796567874696,0.6110868711729307,0.6091964684188805
1052,350.1341399087949,-92.06507767078489,1.4712981290595477,1.4479006390238918
1053,350.1341399087949,-29.18889277271679,0.4536799188029722,0.454871709056446
1054,350.1341399087949,-312.1788449754902,4.918456432866115,4.87212386785769
1055,350.1341399087949,-15.8982451171875,0.2523466949462891,0.2525780792236328
1056,350.1341399087949,-719.0152254971591,10.955806385387074,10.82402870871804
1057,350.1341399087949,-58.28078854739011,0.9208356696607429,0.920679448725103
1058,350.1341399087949,-56.031492409131204,0.9173319931571365,0.9074110748074579
1059,350.1341399087949,-264.73792317708336,4.338554890950521,4.274467468261719
1060,350.1341399087949,-167.70525287828949,2.6484994988692434,2.6185538844058387
1061,350.1341399087949,-57.904635464187955,0.9597553336707345,0.9484994707316378
1062,350.1341399087949,-86.67164273648649,1.3743884937183277,1.372810075089738
1063,350.1341399087949,-1315.9965006510417,21.309240976969402,21.339462280273438
1064,350.1341399087949,-15.9277265625,0.25544769287109376,0.2537859649658203
1065,350.1341399087949,-15.84027734375,0.25755459594726565,0.25740625
1066,350.1341399087949,-38.19904972956731,0.6119878842280462,0.602867970099816
1067,350.1341399087949,-612.8835261418269,9.59745612511268,9.535889845628004
1068,350.1341399087949,-234.99135454963235,3.7823688282686123,3.8263747271369484
1069,350.1341399087949,-595.4925491898148,9.737219916449654,9.75342701099537
1070,350.1341399087949,-95.3224852071006,1.5050372061644786,1.4974692079442493
1071,350.1341399087949,-73.48499603974655,1.1708099083966375,1.1556756507416475
1072,350.1341399087949,-210.60239771792763,3.428223860891242,3.42462840833162
1073,350.1341399087949,-79.398701171875,1.233062744140625,1.2222466278076172
1074,350.1341399087949,-127.34937686011905,2.0357794383215526,2.025678967672681
1075,497.63327669273656,-16.020740234375,0.2555343780517578,0.2516108245849609
1076,497.63327669273656,-25.29998210406793,0.38876805599266884,0.38144636832142326
1077,497.63327669273656,-134.9562270220588,2.1240111278886555,2.1622019535353205
1078,497.63327669273656,-321.7748046875,5.072214050292969,5.0560595703125
1079,497.63327669273656,-70.30536128548034,1.1401548427265285,1.1264046081809498
1080,497.63327669273656,-84.72950246710526,1.4032120554070724,1.366503263774671
1081,497.63327669273656,-672.4471842447916,10.286343892415365,10.206457138061523
1082,497.63327669273656,-619.5718149038462,9.822694044846754,9.821300800030048
1083,497.63327669273656,-60.72254611137218,0.9287658347223038,0.9074708178527373
1084,497.63327669273656,-16.100962890625,0.260813232421875,0.25911529541015627
1085,497.63327669273656,-127.2343517485119,2.1489204527839783,2.1235758463541665
1086,497.63327669273656,-16.263666015625,0.24823800659179687,0.24957106018066405
1087,497.63327669273656,-16.1288916015625,0.2514888458251953,0.24655628967285156
1088,497.63327669273656,-328.458326690051,5.290200992506378,5.256782998844069
1089,497.63327669273656,-29.50161329555861,0.4760541531629178,0.47368171887520033
1090,497.63327669273656,-504.2957763671875,8.252416610717773,8.233368873596191
1091,497.63327669273656,-16.193140625,0.263697021484375,0.26078204345703127
1092,497.63327669273656,-170.46359991776316,2.7073868600945725,2.71475830078125
1093,497.63327669273656,-458.6894810267857,7.57742919921875,7.456875174386161
1094,497.63327669273656,-124.30395132211538,1.9960263765775241,2.0038987379807693
1095,497.63327669273656,-102.82297472133757,1.6273630713201632,1.6285731807635848
1096,497.63327669273656,-16.109087890625,0.25503187561035157,0.2508741455078125
1097,497.63327669273656,-71.53287472345133,1.1654209373271571,1.1534673640158324
1098,497.63327669273656,-156.77239456917476,2.6033950361233313,2.5744892601827973
1099,497.63327669273656,-33.424856931584365,0.5321041782206468,0.5370410558127572
1100,537.8513572610366,-88.08825152853261,1.4277494679326597,1.4321635702381963
1101,537.8513572610366,-58.80264976308664,0.9185983816208823,0.9263110660043434
1102,537.8513572610366,-23.745401720351392,0.39008296670536696,0.3882979788158858
1103,537.8513572610366,-16.2182431640625,0.2671189270019531,0.2677657775878906
1104,537.8513572610366,-16.295748046875,0.26940228271484373,0.2660211486816406
1105,537.8513572610366,-57.501108156028366,0.9247300168301197,0.9162126906374668
1106,537.8513572610366,-16.3548388671875,0.27042776489257814,0.2662972106933594
1107,537.8513572610366,-218.12743489583335,3.3198948160807293,3.2752278645833335
1108,537.8513572610366,-182.67614334620785,2.9684629976079706,2.930430208699087
1109,537.8513572610366,-59.81363038003663,0.9478384164663461,0.9298186249785371
1110,537.8513572610366,-408.8593994140625,6.476087951660157,6.408757019042969
1111,537.8513572610366,-16.475599609375,0.2604800109863281,0.25856350708007814
1112,537.8513572610366,-231.11980083626761,3.7606067926111355,3.760626134738116
1113,537.8513572610366,-16.5491953125,0.27135528564453126,0.26734088134765627
1114,537.8513572610366,-40.93903425031172,0.639015407039043,0.6346805030271002
1115,537.8513572610366,-151.18059172453704,2.333564617015697,2.325620863172743
1116,537.8513572610366,-22.554854066368637,0.3505879314270439,0.34934076154412397
1117,537.8513572610366,-111.19494546979865,1.8226902084862626,1.7879493252542995
1118,537.8513572610366,-35.4702504694206,0.5960255897096298,0.5942862842216
1119,537.8513572610366,-48.19495945699708,0.819160305723852,0.7972195016399417
1120,537.8513572610366,-16.651435546875,0.2613509521484375,0.2577152099609375
1121,537.8513572610366,-304.24450231481484,4.997977362738715,4.896145855938947
1122,537.8513572610366,-374.4441583806818,6.145185297185725,6.087034745649858
1123,537.8513572610366,-90.0419921875,1.5563455099587913,1.5430448762663118
1124,537.8513572610366,-422.3228165064103,6.979812230819311,6.86042981270032
1125,399.18799116354205,-289.1500137061403,4.522224292420504,4.487283271655702
1126,399.18799116354205,-16.502052734375,0.27185128784179685,0.27112542724609373
