,returns,actor_losses,critic_losses
0,-2648.4702905964523,-0.1812606125735165,0.182314176237985
1,-2648.4702905964523,0.05915203094482422,0.038280887603759764
2,-2648.4702905964523,-0.04617550277709961,0.02270279884338379
3,-2648.4702905964523,-0.07660447692871093,0.024064477920532228
4,-2648.4702905964523,0.11431536865234375,0.05110155487060547
5,-2648.4702905964523,0.013823421478271484,0.0375616455078125
6,-2648.4702905964523,-0.03388872909545899,0.03528707504272461
7,-2648.4702905964523,-0.0517657585144043,0.03202795028686523
8,-2648.4702905964523,-0.07807288360595703,0.032552452087402345
9,-2648.4702905964523,-0.08966484832763671,0.02890951156616211
10,-2648.4702905964523,-0.10341425323486328,0.027596092224121092
11,-2648.4702905964523,-0.1023731918334961,0.025911788940429687
12,-2648.4702905964523,-0.09609011840820313,0.025640995025634765
13,-2648.4702905964523,-0.1265008087158203,0.02586294364929199
14,-2648.4702905964523,-0.1915190887451172,0.02925508499145508
15,-2648.4702905964523,-0.2932336120605469,0.03147232627868652
16,-2648.4702905964523,-0.3671913757324219,0.03438882827758789
17,-2648.4702905964523,-0.44115338134765625,0.03799526596069336
18,-2648.4702905964523,-0.5234627075195313,0.04031031799316406
19,-2648.4702905964523,-4.285857294646787,0.3008921179972904
20,-2648.4702905964523,-0.704760986328125,0.04631813430786133
21,-2648.4702905964523,-0.8009059448242187,0.04858365249633789
22,-2648.4702905964523,-0.885648681640625,0.050464385986328124
23,-2648.4702905964523,-0.9727604370117188,0.05269295501708984
24,-2648.4702905964523,-1.06216650390625,0.05454010772705078
25,717.4044027425767,-1.9035398372933885,0.0954649996166387
26,717.4044027425767,-1.2401942138671875,0.060574352264404295
27,717.4044027425767,-1.3241939697265626,0.060637237548828125
28,717.4044027425767,-1.409339599609375,0.06431802368164062
29,717.4044027425767,-1.494361572265625,0.06337950897216797
30,717.4044027425767,-1.5718431396484376,0.06413554382324219
31,717.4044027425767,-1.6504219970703125,0.06371731185913086
32,717.4044027425767,-1.7329385986328125,0.06516084289550782
33,717.4044027425767,-1.8077841796875,0.06685293579101563
34,717.4044027425767,-1.8797147216796875,0.06596666717529297
35,717.4044027425767,-1.9588795166015625,0.06706873321533204
36,717.4044027425767,-2.0364803466796877,0.06684317779541016
37,717.4044027425767,-2.114271728515625,0.0664439926147461
38,717.4044027425767,-2.191019775390625,0.06623404693603516
39,717.4044027425767,-2.26015966796875,0.06724976348876953
40,717.4044027425767,-2.33728466796875,0.06847606658935547
41,717.4044027425767,-2.409409423828125,0.06828423309326172
42,717.4044027425767,-2.47928271484375,0.06763570404052735
43,717.4044027425767,-2.554266357421875,0.06728842926025391
44,717.4044027425767,-2.622142822265625,0.06836831665039063
45,717.4044027425767,-2.688798828125,0.0688125
46,717.4044027425767,-2.755542236328125,0.06695114135742188
47,717.4044027425767,-2.823318115234375,0.06933367919921875
48,717.4044027425767,-2.882080078125,0.06768682861328125
49,717.4044027425767,-2.9519091796875,0.06778022766113281
50,642.80478376201,-3.02246484375,0.06882465362548829
51,642.80478376201,-3.0845712890625,0.06878849029541016
52,642.80478376201,-3.142495849609375,0.06911813354492187
53,642.80478376201,-3.205587646484375,0.06958876037597657
54,642.80478376201,-3.272427734375,0.07038038635253906
55,642.80478376201,-3.332929443359375,0.06940702819824218
56,642.80478376201,-3.398198486328125,0.07335682678222656
57,642.80478376201,-3.46391455078125,0.07398324584960937
58,642.80478376201,-3.52825732421875,0.07099137878417969
59,642.80478376201,-3.595656982421875,0.07171688842773437
60,642.80478376201,-3.667547607421875,0.07269705200195313
61,642.80478376201,-3.731924560546875,0.07106343078613281
62,642.80478376201,-3.80227099609375,0.0721099624633789
63,642.80478376201,-3.857113525390625,0.07333290100097656
64,642.80478376201,-3.909231689453125,0.07431934356689453
65,642.80478376201,-3.96788671875,0.0739897232055664
66,642.80478376201,-4.03712060546875,0.07446090698242187
67,642.80478376201,-4.10420703125,0.07434564971923828
68,642.80478376201,-4.1684716796875,0.07564456176757813
69,642.80478376201,-4.22283740234375,0.0749677963256836
70,642.80478376201,-4.28079443359375,0.07604414367675781
71,642.80478376201,-4.3439267578125,0.07584883880615234
72,642.80478376201,-4.40166064453125,0.07541315460205078
73,642.80478376201,-4.4616943359375,0.07519837188720703
74,642.80478376201,-4.51853466796875,0.07714578247070313
75,797.6500783869519,-4.58288916015625,0.07727751922607422
76,797.6500783869519,-4.6247529296875,0.07507426452636719
77,797.6500783869519,-4.6888173828125,0.0750140151977539
78,797.6500783869519,-4.748990234375,0.07666943359375
79,797.6500783869519,-4.8092978515625,0.07621593475341797
80,797.6500783869519,-4.862798828125,0.07674333190917969
81,797.6500783869519,-4.92248583984375,0.07699662017822266
82,797.6500783869519,-4.97914990234375,0.0773557586669922
83,797.6500783869519,-5.0373212890625,0.07564400482177734
84,797.6500783869519,-5.10447265625,0.07687541961669922
85,797.6500783869519,-5.925317663433908,0.08706685208726203
86,797.6500783869519,-5.21243896484375,0.07777623748779297
87,797.6500783869519,-5.27268310546875,0.07678980255126953
88,797.6500783869519,-133.18333740234374,1.8979026794433593
89,797.6500783869519,-5.3802705078125,0.0757257080078125
90,797.6500783869519,-5.4268388671875,0.07878262329101562
91,797.6500783869519,-5.47971826171875,0.07693937683105469
92,797.6500783869519,-5.5380947265625,0.0766068344116211
93,797.6500783869519,-5.59255126953125,0.07714910888671875
94,797.6500783869519,-5.65226025390625,0.07600080108642578
95,797.6500783869519,-5.70726953125,0.07724811553955079
96,797.6500783869519,-27.31853987707346,0.3627517483245705
97,797.6500783869519,-5.816521484375,0.07537120056152344
98,797.6500783869519,-5.87491845703125,0.07777085113525391
99,797.6500783869519,-5.9370908203125,0.07671296691894532
100,857.6261337428256,-5.98260400390625,0.07598760223388672
101,857.6261337428256,-6.04353125,0.07800626373291016
102,857.6261337428256,-6.37594741901178,0.08049971495623363
103,857.6261337428256,-6.1370712890625,0.07733216094970703
104,857.6261337428256,-6.18963134765625,0.07749859619140625
105,857.6261337428256,-6.2402392578125,0.07825992584228515
106,857.6261337428256,-6.28030322265625,0.076508544921875
107,857.6261337428256,-6.32866015625,0.07761492919921875
108,857.6261337428256,-6.36748095703125,0.07853438568115234
109,857.6261337428256,-6.40812451171875,0.07869912719726563
110,857.6261337428256,-13.491542927889645,0.16620770059370096
111,857.6261337428256,-6.49745849609375,0.078297607421875
112,857.6261337428256,-6.54370263671875,0.07858515167236328
113,857.6261337428256,-6.581591796875,0.07960623931884765
114,857.6261337428256,-6.61785107421875,0.07728717803955078
115,857.6261337428256,-6.660248046875,0.07700885009765625
116,857.6261337428256,-12.522033805490654,0.14567226516866238
117,857.6261337428256,-6.7379580078125,0.07902732849121094
118,857.6261337428256,-6.7761123046875,0.07890190124511719
119,857.6261337428256,-6.8205283203125,0.08073490142822265
120,857.6261337428256,-6.86560791015625,0.07959244537353516
121,857.6261337428256,-6.90058447265625,0.07923107147216797
122,857.6261337428256,-6.936216796875,0.07758442687988282
123,857.6261337428256,-6.97417822265625,0.08181063842773438
124,857.6261337428256,-7.005763671875,0.08054320526123047
125,795.1816976159241,-7.040798828125,0.07833357238769531
126,795.1816976159241,-7.07137890625,0.07799337768554687
127,795.1816976159241,-7.1078564453125,0.07882320404052734
128,795.1816976159241,-12.2979372848537,0.13565934094217272
129,795.1816976159241,-16.047972542898997,0.17416858673095703
130,795.1816976159241,-328.01513671875,3.6177621321244673
131,795.1816976159241,-7.24817626953125,0.0782905044555664
132,795.1816976159241,-7.28297607421875,0.07971025085449218
133,795.1816976159241,-7.31652587890625,0.08340460205078125
134,795.1816976159241,-7.34513037109375,0.08068133544921875
135,795.1816976159241,-7.3816357421875,0.07974707794189453
136,795.1816976159241,-7.41234423828125,0.08132649230957031
137,795.1816976159241,-7.4458701171875,0.08100359344482422
138,795.1816976159241,-7.4803427734375,0.08078736114501953
139,795.1816976159241,-7.50569873046875,0.07863402557373046
140,795.1816976159241,-7.53409033203125,0.0794102783203125
141,795.1816976159241,-7.573068359375,0.08012902069091797
142,795.1816976159241,-7.60291357421875,0.0810777816772461
143,795.1816976159241,-7.63550439453125,0.08137075042724609
144,795.1816976159241,-7.66228955078125,0.07942205810546875
145,795.1816976159241,-7.694505859375,0.0797025146484375
146,795.1816976159241,-7.73028369140625,0.07929522705078125
147,795.1816976159241,-7.7544677734375,0.08044078063964843
148,795.1816976159241,-7.78478759765625,0.07974663543701171
149,795.1816976159241,-7.817048828125,0.07953150177001952
150,691.8228020187694,-7.8445224609375,0.08043573760986328
151,691.8228020187694,-7.87212646484375,0.08098656463623047
152,691.8228020187694,-7.905634765625,0.0797865219116211
153,691.8228020187694,-7.92767431640625,0.07876608276367188
154,691.8228020187694,-7.95378564453125,0.07976036834716797
155,691.8228020187694,-64.87893006859755,0.6393871152304053
156,691.8228020187694,-8.0087099609375,0.07879477691650391
157,691.8228020187694,-8.04150732421875,0.08033620452880859
158,691.8228020187694,-8.065005859375,0.07964081573486329
159,691.8228020187694,-8.0861513671875,0.077367431640625
160,691.8228020187694,-8.11828955078125,0.07904290771484375
161,691.8228020187694,-8.14580517578125,0.07774580383300782
162,691.8228020187694,-17.288690082097457,0.1719569351713536
163,691.8228020187694,-8.18339892578125,0.07875704956054687
164,691.8228020187694,-8.2118623046875,0.07803366088867188
165,691.8228020187694,-8.2303349609375,0.08081533813476563
166,691.8228020187694,-8.2528154296875,0.0790850830078125
167,691.8228020187694,-8.78585497943206,0.08314013632999104
168,691.8228020187694,-8.29822265625,0.07628417205810546
169,691.8228020187694,-8.325826171875,0.0790887222290039
170,691.8228020187694,-8.352400390625,0.07844222259521484
171,691.8228020187694,-8.37599609375,0.07703812408447265
172,691.8228020187694,-8.3972431640625,0.07768994140625
173,691.8228020187694,-8.423931640625,0.0776292724609375
174,691.8228020187694,-8.4465947265625,0.07659352874755859
175,819.1499325186488,-8.4675361328125,0.07760054016113281
176,819.1499325186488,-8.4964521484375,0.07764385223388671
177,819.1499325186488,-8.5135986328125,0.07705820465087891
178,819.1499325186488,-8.53537890625,0.07754508209228515
179,819.1499325186488,-8.5665126953125,0.07839608001708985
180,819.1499325186488,-8.5802392578125,0.07748551940917969
181,819.1499325186488,-8.6045439453125,0.07678380584716797
182,819.1499325186488,-8.6327919921875,0.07633729553222657
183,819.1499325186488,-8.6460576171875,0.07599976348876954
184,819.1499325186488,-8.6790625,0.07689501190185546
185,819.1499325186488,-8.6954560546875,0.07749139404296874
186,819.1499325186488,-8.7141943359375,0.07688154602050781
187,819.1499325186488,-8.7382548828125,0.07709965515136719
188,819.1499325186488,-8.7655283203125,0.07837530517578126
189,819.1499325186488,-8.7850576171875,0.07784513854980468
190,819.1499325186488,-8.803091796875,0.07835464477539063
191,819.1499325186488,-19.201019021739132,0.16915991409965184
192,819.1499325186488,-8.8537734375,0.07689838409423828
193,819.1499325186488,-8.87741796875,0.07818576812744141
194,819.1499325186488,-8.9003701171875,0.07857693481445313
195,819.1499325186488,-8.916814453125,0.07786663818359375
196,819.1499325186488,-8.9396875,0.07706129455566406
197,819.1499325186488,-8.961603515625,0.07675694274902344
198,819.1499325186488,-8.9797490234375,0.07640235137939454
199,819.1499325186488,-9.000015625,0.07797533416748047
200,480.2023348675707,-9.020095703125,0.07639606475830078
201,480.2023348675707,-9.0452412109375,0.07603977966308594
202,480.2023348675707,-9.065787109375,0.07625037384033204
203,480.2023348675707,-9.083541015625,0.07760550689697265
204,480.2023348675707,-9.105318359375,0.07798854064941406
205,480.2023348675707,-9.1232587890625,0.07843902587890625
206,480.2023348675707,-14.418495539235016,0.12278486426320362
207,480.2023348675707,-9.164525390625,0.07803643798828125
208,480.2023348675707,-16.00497468423345,0.13510842938041023
209,480.2023348675707,-30.702861328125,0.2560189310709635
210,480.2023348675707,-9.22485546875,0.07660716247558594
211,480.2023348675707,-9.245736328125,0.0768131103515625
212,480.2023348675707,-9.26286328125,0.07766770935058594
213,480.2023348675707,-19.06315772587269,0.15652182263760106
214,480.2023348675707,-9.3113251953125,0.07680901336669922
215,480.2023348675707,-9.32639453125,0.07794550323486328
216,480.2023348675707,-9.343353515625,0.07753915405273437
217,480.2023348675707,-9.3669423828125,0.07733042907714843
218,480.2023348675707,-9.3847587890625,0.07962895202636719
219,480.2023348675707,-9.405306640625,0.07859942626953124
220,480.2023348675707,-9.425599609375,0.07741007995605469
221,480.2023348675707,-9.4473076171875,0.07570895385742188
222,480.2023348675707,-9.4651123046875,0.07641438293457031
223,480.2023348675707,-9.478892578125,0.07665928649902344
224,480.2023348675707,-9.5025087890625,0.0787327651977539
225,623.7626097024944,-9.5239677734375,0.07833019256591797
226,623.7626097024944,-9.5477109375,0.07688470458984376
227,623.7626097024944,-9.5641474609375,0.07653924560546875
228,623.7626097024944,-9.584474609375,0.07786612701416015
229,623.7626097024944,-9.60185546875,0.07658679962158203
230,623.7626097024944,-9.61983203125,0.07927662658691406
231,623.7626097024944,-9.6405576171875,0.07956076812744141
232,623.7626097024944,-9.6553701171875,0.07669215393066406
233,623.7626097024944,-9.671859375,0.0757546157836914
234,623.7626097024944,-9.6896474609375,0.07526056671142578
235,623.7626097024944,-9.7118076171875,0.07875647735595703
236,623.7626097024944,-9.73018359375,0.0768687744140625
237,623.7626097024944,-52.956229831861414,0.41136866030485736
238,623.7626097024944,-9.7634072265625,0.07647875213623047
239,623.7626097024944,-9.77794921875,0.07413410949707032
240,623.7626097024944,-9.7982412109375,0.07538205718994141
241,623.7626097024944,-9.81065234375,0.07666785430908203
242,623.7626097024944,-9.8274638671875,0.07563951110839844
243,623.7626097024944,-9.845029296875,0.07650677490234375
244,623.7626097024944,-9.8574873046875,0.078172607421875
245,623.7626097024944,-9.8786748046875,0.07612237548828125
246,623.7626097024944,-9.8945380859375,0.0769371337890625
247,623.7626097024944,-9.9080166015625,0.07739369201660157
248,623.7626097024944,-9.9230693359375,0.07533788299560547
249,623.7626097024944,-9.9396787109375,0.07721379089355469
250,744.9924581641754,-9.9560234375,0.07578853607177734
251,744.9924581641754,-9.969884765625,0.07767835998535157
252,744.9924581641754,-9.984572265625,0.07695326232910156
253,744.9924581641754,-10.0003017578125,0.07676484680175781
254,744.9924581641754,-10.013892578125,0.07462950897216797
255,744.9924581641754,-10.0305810546875,0.07662440490722656
256,744.9924581641754,-10.0415966796875,0.07468989562988282
257,744.9924581641754,-10.057056640625,0.07576141357421876
258,744.9924581641754,-10.068048828125,0.07615805816650391
259,744.9924581641754,-41.487987879372426,0.31952491414890366
260,744.9924581641754,-10.0948447265625,0.07534651947021484
261,744.9924581641754,-10.1119267578125,0.07559219360351563
262,744.9924581641754,-11.547263620652794,0.08627773445851447
263,744.9924581641754,-10.441503805677137,0.07638934024453285
264,744.9924581641754,-10.152703125,0.07382473754882812
265,744.9924581641754,-10.168849609375,0.07421555328369141
266,744.9924581641754,-10.1835888671875,0.07745857238769531
267,744.9924581641754,-10.1992919921875,0.0783365478515625
268,744.9924581641754,-67.64253285389073,0.5115576737763866
269,744.9924581641754,-10.2253681640625,0.07661190032958984
270,744.9924581641754,-17.53607428563784,0.12905384743050352
271,744.9924581641754,-10.254671875,0.07796820068359375
272,744.9924581641754,-10.261505859375,0.0750205078125
273,744.9924581641754,-10.2793564453125,0.0762714614868164
274,744.9924581641754,-10.293248046875,0.07557208251953125
275,542.8416880024539,-10.306900390625,0.07764509582519531
276,542.8416880024539,-10.320564453125,0.07517275238037109
277,542.8416880024539,-10.3335458984375,0.07603395080566407
278,542.8416880024539,-10.346185546875,0.07487036895751953
279,542.8416880024539,-10.356416015625,0.07525543212890624
280,542.8416880024539,-10.3740380859375,0.07464754486083984
281,542.8416880024539,-10.3841630859375,0.07634822082519531
282,542.8416880024539,-10.3949091796875,0.07635992431640624
283,542.8416880024539,-10.406783203125,0.07725694274902344
284,542.8416880024539,-10.4148505859375,0.0791083755493164
285,542.8416880024539,-10.43382421875,0.07638175201416016
286,542.8416880024539,-298.3296595982143,2.1951891217912944
287,542.8416880024539,-10.4498212890625,0.07736564636230468
288,542.8416880024539,-10.465724609375,0.07738744354248046
289,542.8416880024539,-10.4782802734375,0.07637581634521484
290,542.8416880024539,-10.4848193359375,0.07697595977783203
291,542.8416880024539,-10.499419921875,0.07867204284667968
292,542.8416880024539,-10.5122421875,0.07631281280517578
293,542.8416880024539,-10.5242783203125,0.0769896240234375
294,542.8416880024539,-10.537333984375,0.07494631958007812
295,542.8416880024539,-10.5490048828125,0.07633424377441406
296,542.8416880024539,-10.5601982421875,0.07409904479980468
297,542.8416880024539,-10.5741337890625,0.07457564544677735
298,542.8416880024539,-10.5850927734375,0.07767411041259766
299,542.8416880024539,-10.596421875,0.07562818908691406
300,445.29600064343043,-10.61051171875,0.07581255340576172
301,445.29600064343043,-10.6151435546875,0.07639373779296875
302,445.29600064343043,-10.6303994140625,0.07535055541992187
303,445.29600064343043,-10.636349609375,0.07435578918457031
304,445.29600064343043,-10.6496728515625,0.0760672378540039
305,445.29600064343043,-10.6612021484375,0.07670977783203126
306,445.29600064343043,-10.67258984375,0.07617806243896484
307,445.29600064343043,-10.6847626953125,0.07566286468505859
308,445.29600064343043,-10.6967509765625,0.07615496063232421
309,445.29600064343043,-10.708576171875,0.07875657653808593
310,445.29600064343043,-10.724208984375,0.07544873046875
311,445.29600064343043,-10.7306171875,0.07613090515136718
312,445.29600064343043,-10.7449951171875,0.07624778747558594
313,445.29600064343043,-10.75468359375,0.07550026702880859
314,445.29600064343043,-14.087730847104057,0.09948228166989631
315,445.29600064343043,-10.7755556640625,0.07393994140625
316,445.29600064343043,-55.01225187340561,0.3866563524518694
317,445.29600064343043,-10.7905126953125,0.07479906463623047
318,445.29600064343043,-10.7994150390625,0.07474370574951172
319,445.29600064343043,-10.8086552734375,0.07611637878417969
320,445.29600064343043,-10.8179560546875,0.07714357757568359
321,445.29600064343043,-10.831037109375,0.07696900939941406
322,445.29600064343043,-10.8373623046875,0.07428094482421875
323,445.29600064343043,-12.39671763392857,0.08604790387834821
324,445.29600064343043,-10.8602197265625,0.07583851623535157
325,721.6205623659359,-10.8706826171875,0.07689749908447266
326,721.6205623659359,-10.8820439453125,0.07507218170166016
327,721.6205623659359,-10.892484375,0.07642597961425782
328,721.6205623659359,-10.9027607421875,0.07572409057617188
329,721.6205623659359,-10.9147041015625,0.07816038513183594
330,721.6205623659359,-10.924994140625,0.07634188842773437
331,721.6205623659359,-10.93338671875,0.07642191314697265
332,721.6205623659359,-10.941658203125,0.0762344741821289
333,721.6205623659359,-10.949505859375,0.07721546936035156
334,721.6205623659359,-10.9602216796875,0.07678929138183593
335,721.6205623659359,-10.9670390625,0.0760267333984375
336,721.6205623659359,-10.975388671875,0.07604295349121094
337,721.6205623659359,-10.987359375,0.07698208618164062
338,721.6205623659359,-36.89294515520134,0.25969857337490826
339,721.6205623659359,-11.000349609375,0.07639910125732421
340,721.6205623659359,-11.0100087890625,0.07773947143554688
341,721.6205623659359,-11.022349609375,0.07616309356689453
342,721.6205623659359,-551.561962890625,3.8127708435058594
343,721.6205623659359,-11.044009765625,0.07753250122070313
344,721.6205623659359,-11.0521552734375,0.07541896057128906
345,721.6205623659359,-11.057876953125,0.07557438659667969
346,721.6205623659359,-11.0661943359375,0.07467632293701172
347,721.6205623659359,-11.075734375,0.07432657623291015
348,721.6205623659359,-11.0849765625,0.07652677917480469
349,721.6205623659359,-11.0913544921875,0.07641829681396485
350,838.0605656836988,-11.0995625,0.07708976745605468
351,838.0605656836988,-11.10857421875,0.07915282440185546
352,838.0605656836988,-11.117494140625,0.07475093841552734
353,838.0605656836988,-11.124044921875,0.07460054016113281
354,838.0605656836988,-11.1297158203125,0.07434146881103515
355,838.0605656836988,-11.1389169921875,0.07563683319091796
356,838.0605656836988,-11.1501044921875,0.07454221343994141
357,838.0605656836988,-11.1587431640625,0.07753196716308594
358,838.0605656836988,-11.162513671875,0.07608811187744141
359,838.0605656836988,-11.169955078125,0.07414929962158204
360,838.0605656836988,-11.176439453125,0.07506800842285156
361,838.0605656836988,-11.187408203125,0.07405821228027344
362,838.0605656836988,-11.1919990234375,0.0741544189453125
363,838.0605656836988,-11.19390234375,0.07406271362304688
364,838.0605656836988,-11.204056640625,0.07595994567871094
365,838.0605656836988,-11.2058828125,0.07864722442626954
366,838.0605656836988,-13.507198324548193,0.09054973556334714
367,838.0605656836988,-11.2215478515625,0.07454302978515626
368,838.0605656836988,-11.2268662109375,0.07358184051513672
369,838.0605656836988,-11.232396484375,0.07389691162109376
370,838.0605656836988,-11.2398935546875,0.07438264465332031
371,838.0605656836988,-11.247744140625,0.07398112487792968
372,838.0605656836988,-20.498657004212205,0.13282539631716758
373,838.0605656836988,-14.199074667008198,0.0941013562273408
374,838.0605656836988,-11.262513671875,0.07274202728271484
375,784.9572060993963,-11.27541796875,0.07516934204101562
376,784.9572060993963,-11.27341796875,0.07261740875244141
377,784.9572060993963,-11.2842998046875,0.07611569976806641
378,784.9572060993963,-11.2880361328125,0.07459532928466797
379,784.9572060993963,-11.293453125,0.0771531753540039
380,784.9572060993963,-63.13474925803072,0.4197602511784218
381,784.9572060993963,-11.3041298828125,0.07486997985839844
382,784.9572060993963,-11.3093017578125,0.07599334716796875
383,784.9572060993963,-11.318181640625,0.07551388549804687
384,784.9572060993963,-11.322466796875,0.07558809661865235
385,784.9572060993963,-11.3309658203125,0.07431278991699218
386,784.9572060993963,-22.181715157167318,0.14699034868154506
387,784.9572060993963,-11.3437607421875,0.07395787811279297
388,784.9572060993963,-11.3395625,0.07577643585205078
389,784.9572060993963,-11.3492265625,0.07312686920166016
390,784.9572060993963,-11.3581171875,0.07599729156494141
391,784.9572060993963,-11.3651796875,0.07391323852539063
392,784.9572060993963,-11.366970703125,0.07460786437988282
393,784.9572060993963,-11.369525390625,0.07574127197265625
394,784.9572060993963,-11.3825146484375,0.07284427642822265
395,784.9572060993963,-20.01983331502636,0.13201999496701314
396,784.9572060993963,-11.3923173828125,0.07298628234863282
397,784.9572060993963,-11.4021953125,0.07311909484863281
398,784.9572060993963,-11.4086884765625,0.07343661499023438
399,784.9572060993963,-11.4120517578125,0.07533104705810546
400,395.2274518802451,-11.41962109375,0.07366083526611328
401,395.2274518802451,-11.4277529296875,0.07499712371826171
402,395.2274518802451,-11.431392578125,0.0739444580078125
403,395.2274518802451,-11.4415078125,0.07586046600341798
404,395.2274518802451,-11.444806640625,0.07307931518554688
405,395.2274518802451,-11.4510087890625,0.07142906188964844
406,395.2274518802451,-11.4549658203125,0.07266207885742187
407,395.2274518802451,-11.459361328125,0.07215460205078125
408,395.2274518802451,-28.105722464767158,0.17616131726433248
409,395.2274518802451,-64.06473136347765,0.39958894186179733
410,395.2274518802451,-11.4743486328125,0.0707293930053711
411,395.2274518802451,-11.4824716796875,0.074594482421875
412,395.2274518802451,-11.4856826171875,0.07324510955810547
413,395.2274518802451,-11.4913115234375,0.07309284210205078
414,395.2274518802451,-11.49833984375,0.07349440765380859
415,395.2274518802451,-11.5035927734375,0.07210086059570313
416,395.2274518802451,-11.505044921875,0.07204349517822266
417,395.2274518802451,-11.5111455078125,0.07211038208007813
418,395.2274518802451,-11.5160634765625,0.07225140380859375
419,395.2274518802451,-11.5193974609375,0.0746036148071289
420,395.2274518802451,-11.5280205078125,0.07171846771240234
421,395.2274518802451,-11.528994140625,0.07208435821533203
422,395.2274518802451,-11.535744140625,0.07242243194580078
423,395.2274518802451,-11.541783203125,0.07080488586425782
424,395.2274518802451,-11.5484892578125,0.07134846496582031
425,806.7257139266603,-11.55283203125,0.07365355682373047
426,806.7257139266603,-36.016644154010905,0.22135381015290354
427,806.7257139266603,-11.5611474609375,0.0704216537475586
428,806.7257139266603,-11.564435546875,0.06947979736328125
429,806.7257139266603,-11.5715419921875,0.07334947204589844
430,806.7257139266603,-11.5779482421875,0.07236767578125
431,806.7257139266603,-11.5851337890625,0.07050045013427735
432,806.7257139266603,-11.5862548828125,0.07310942077636719
433,806.7257139266603,-11.5933251953125,0.07118572998046875
434,806.7257139266603,-11.5953583984375,0.07134716033935547
435,806.7257139266603,-11.5993115234375,0.07127632904052734
436,806.7257139266603,-11.6039443359375,0.07353107452392578
437,806.7257139266603,-11.6107685546875,0.07046369934082031
438,806.7257139266603,-11.615455078125,0.06981466674804687
439,806.7257139266603,-11.6236796875,0.07140839385986328
440,806.7257139266603,-11.6245751953125,0.07075461578369141
441,806.7257139266603,-11.632017578125,0.06967369079589844
442,806.7257139266603,-11.6351904296875,0.07158872985839844
443,806.7257139266603,-11.639056640625,0.07319493865966797
444,806.7257139266603,-11.6471396484375,0.07268462371826172
445,806.7257139266603,-11.6507890625,0.07401603698730469
446,806.7257139266603,-11.6555400390625,0.07110291290283204
447,806.7257139266603,-11.65665234375,0.07184331512451173
448,806.7257139266603,-11.66294921875,0.07146015167236328
449,806.7257139266603,-11.66734765625,0.07301897430419922
450,779.6543232782075,-11.6705068359375,0.07214691925048829
451,779.6543232782075,-11.6739267578125,0.07073686981201172
452,779.6543232782075,-11.675646484375,0.07087356567382813
453,779.6543232782075,-11.6801611328125,0.06889727020263672
454,779.6543232782075,-11.911642496495922,0.07334864127405072
455,779.6543232782075,-11.6875732421875,0.07316213226318359
456,779.6543232782075,-11.68885546875,0.07184107971191406
457,779.6543232782075,-11.6994580078125,0.07035292053222657
458,779.6543232782075,-11.702021484375,0.07058434295654296
459,779.6543232782075,-11.704578125,0.07160025024414063
460,779.6543232782075,-11.7069990234375,0.07002309417724609
461,779.6543232782075,-11.7129130859375,0.07083114624023437
462,779.6543232782075,-11.7187470703125,0.07427045440673828
463,779.6543232782075,-11.724427734375,0.07148049926757813
464,779.6543232782075,-11.728177734375,0.06972425079345704
465,779.6543232782075,-11.728828125,0.06787360382080078
466,779.6543232782075,-11.7349921875,0.07022838592529297
467,779.6543232782075,-11.7399091796875,0.0713154067993164
468,779.6543232782075,-11.7429794921875,0.07133148956298828
469,779.6543232782075,-11.7474716796875,0.06881008911132812
470,779.6543232782075,-209.77702985491072,1.2722606658935547
471,779.6543232782075,-11.750650390625,0.07118025970458984
472,779.6543232782075,-11.75151171875,0.07060002899169922
473,779.6543232782075,-11.7569287109375,0.07176890563964844
474,779.6543232782075,-11.756712890625,0.07055352020263672
475,658.1269947286228,-11.7597509765625,0.0684538345336914
476,658.1269947286228,-11.7623173828125,0.07086430358886718
477,658.1269947286228,-11.765802734375,0.07110434722900391
478,658.1269947286228,-11.7678408203125,0.07288623809814453
479,658.1269947286228,-11.769419921875,0.0722974853515625
480,658.1269947286228,-11.7719609375,0.07144882965087891
481,658.1269947286228,-11.77446875,0.07115830230712891
482,658.1269947286228,-11.7752421875,0.06945574951171875
483,658.1269947286228,-11.783779296875,0.07022915649414062
484,658.1269947286228,-11.7839365234375,0.07097561645507812
485,658.1269947286228,-11.7865732421875,0.07147247314453126
486,658.1269947286228,-11.7865654296875,0.0719626235961914
487,658.1269947286228,-11.79005078125,0.06962095642089844
488,658.1269947286228,-11.7918740234375,0.07008966827392578
489,658.1269947286228,-11.79923828125,0.06958228302001954
490,658.1269947286228,-11.8037587890625,0.0700877456665039
491,658.1269947286228,-11.802015625,0.07014222717285157
492,658.1269947286228,-11.8056494140625,0.07007523345947266
493,658.1269947286228,-11.8088427734375,0.06924825286865234
494,658.1269947286228,-11.81069921875,0.07078215789794921
495,658.1269947286228,-11.8140458984375,0.07029524230957031
496,658.1269947286228,-11.8198359375,0.07033760833740234
497,658.1269947286228,-11.819375,0.06891498565673829
498,658.1269947286228,-11.8234462890625,0.068930908203125
499,658.1269947286228,-11.8237744140625,0.06996527862548828
500,611.7918624121523,-11.827853515625,0.06789625549316407
501,611.7918624121523,-11.828283203125,0.07013790893554687
502,611.7918624121523,-11.831220703125,0.06891476440429688
503,611.7918624121523,-30.344466145833334,0.18145223764272836
504,611.7918624121523,-11.837216796875,0.0700535888671875
505,611.7918624121523,-11.8430302734375,0.0698690414428711
506,611.7918624121523,-11.8402900390625,0.07005946350097657
507,611.7918624121523,-11.838970703125,0.06858365631103516
508,611.7918624121523,-11.842064453125,0.06980145263671875
509,611.7918624121523,-11.8438984375,0.0685102310180664
510,611.7918624121523,-11.84879296875,0.07068312072753906
511,611.7918624121523,-11.849458984375,0.07131500244140625
512,611.7918624121523,-11.8545205078125,0.06916294097900391
513,611.7918624121523,-11.859529296875,0.06822669219970703
514,611.7918624121523,-11.8551923828125,0.06909281158447265
515,611.7918624121523,-11.8599580078125,0.06744420623779297
516,611.7918624121523,-11.86140625,0.06820060729980469
517,611.7918624121523,-11.8629951171875,0.06972280883789063
518,611.7918624121523,-16.66845977440309,0.09529615252205495
519,611.7918624121523,-31.326071384399736,0.18213832724377474
520,611.7918624121523,-40.795717219716494,0.23366606931915807
521,611.7918624121523,-11.8756650390625,0.06841810607910156
522,611.7918624121523,-11.880029296875,0.07076439666748047
523,611.7918624121523,-11.882248046875,0.06987915802001952
524,611.7918624121523,-11.88343359375,0.06931608581542968
525,441.67443329489345,-11.8871669921875,0.06868495941162109
526,441.67443329489345,-11.8903203125,0.0708167724609375
527,441.67443329489345,-11.8943642578125,0.07023550415039062
528,441.67443329489345,-11.8974375,0.06863015747070313
529,441.67443329489345,-11.9015068359375,0.07129633331298828
530,441.67443329489345,-11.9061826171875,0.06909712219238281
531,441.67443329489345,-11.906197265625,0.06852808380126953
532,441.67443329489345,-11.9124521484375,0.07070014953613281
533,441.67443329489345,-11.9131767578125,0.0702249526977539
534,441.67443329489345,-11.91509375,0.06859511566162109
535,441.67443329489345,-11.9144990234375,0.06791542053222656
536,441.67443329489345,-11.9195791015625,0.07153412628173828
537,441.67443329489345,-11.9208828125,0.06961508178710937
538,441.67443329489345,-11.9234296875,0.06786823272705078
539,441.67443329489345,-11.922412109375,0.06858029174804688
540,441.67443329489345,-11.926767578125,0.07018743896484375
541,441.67443329489345,-17.6225088280096,0.10223975808440847
542,441.67443329489345,-15.722227797677865,0.0919563082367064
543,441.67443329489345,-11.9375810546875,0.0683216552734375
544,441.67443329489345,-11.93560546875,0.06960210418701172
545,441.67443329489345,-11.939849609375,0.07050192260742187
546,441.67443329489345,-11.9407470703125,0.07021425628662109
547,441.67443329489345,-11.9437060546875,0.06750993347167969
548,441.67443329489345,-11.9461044921875,0.06927850341796875
549,441.67443329489345,-11.9491953125,0.0698726806640625
550,688.608016497387,-11.952234375,0.068038330078125
551,688.608016497387,-11.953744140625,0.06893089294433594
552,688.608016497387,-11.954685546875,0.06711809539794922
553,688.608016497387,-11.955849609375,0.06738761901855468
554,688.608016497387,-11.9576845703125,0.06873277282714843
555,688.608016497387,-11.96499609375,0.06799738311767578
556,688.608016497387,-11.963587890625,0.06862361145019531
557,688.608016497387,-11.966021484375,0.06993970489501954
558,688.608016497387,-11.970013671875,0.06752300262451172
559,688.608016497387,-11.9694462890625,0.06870149993896485
560,688.608016497387,-11.97392578125,0.0682811279296875
561,688.608016497387,-11.9720166015625,0.06874891662597657
562,688.608016497387,-11.9757333984375,0.0680991973876953
563,688.608016497387,-11.979763671875,0.06937730407714844
564,688.608016497387,-11.9809404296875,0.06919286346435546
565,688.608016497387,-11.9801220703125,0.06774263763427735
566,688.608016497387,-92.89906583091086,0.5268885886022286
567,688.608016497387,-11.986490234375,0.06764985656738282
568,688.608016497387,-11.9881220703125,0.06830490875244141
569,688.608016497387,-11.99177734375,0.07044902038574219
570,688.608016497387,-11.9931875,0.06823284912109374
571,688.608016497387,-11.9979013671875,0.06896695709228516
572,688.608016497387,-11.9986181640625,0.06784711456298828
573,688.608016497387,-11.999421875,0.06833695220947265
574,688.608016497387,-11.9988837890625,0.06624668884277343
575,717.8786295908801,-12.003373046875,0.06962948608398438
576,717.8786295908801,-12.0036845703125,0.06762501525878906
577,717.8786295908801,-12.0064208984375,0.06943032836914062
578,717.8786295908801,-12.008708984375,0.06728885650634765
579,717.8786295908801,-12.0090654296875,0.0675621337890625
580,717.8786295908801,-12.0118740234375,0.06819239807128906
581,717.8786295908801,-12.0115078125,0.06991917419433594
582,717.8786295908801,-12.01263671875,0.06959842681884766
583,717.8786295908801,-12.0169345703125,0.06686317443847656
584,717.8786295908801,-12.0201025390625,0.06757064056396485
585,717.8786295908801,-12.021041015625,0.068704345703125
586,717.8786295908801,-13.228320097634764,0.0756905265111472
587,717.8786295908801,-12.0233671875,0.06816891479492188
588,717.8786295908801,-12.026994140625,0.0678561782836914
589,717.8786295908801,-12.0259560546875,0.0686950912475586
590,717.8786295908801,-12.028681640625,0.06858213806152344
591,717.8786295908801,-12.030734375,0.06863121795654296
592,717.8786295908801,-12.03555078125,0.06835081481933594
593,717.8786295908801,-12.033443359375,0.06849768829345704
594,717.8786295908801,-12.0359970703125,0.06934767150878907
595,717.8786295908801,-12.0379501953125,0.06734380340576172
596,717.8786295908801,-12.0392822265625,0.07003448486328125
597,717.8786295908801,-12.0398359375,0.06771213531494141
598,717.8786295908801,-12.04100390625,0.0677705841064453
599,717.8786295908801,-12.04068359375,0.06834347534179687
600,365.7890057007547,-12.0398525390625,0.06759381866455078
601,365.7890057007547,-12.0462958984375,0.06929899597167968
602,365.7890057007547,-26.42483252809759,0.1454804069117496
603,365.7890057007547,-12.048130859375,0.06919025421142579
604,365.7890057007547,-12.05003515625,0.06942912292480469
605,365.7890057007547,-12.047517578125,0.06971004486083984
606,365.7890057007547,-12.0521982421875,0.06994705963134766
607,365.7890057007547,-12.05880859375,0.06804464721679687
608,365.7890057007547,-33.87289874473315,0.1963577913434318
609,365.7890057007547,-12.05773828125,0.06916664123535156
610,365.7890057007547,-12.0599091796875,0.06838919830322265
611,365.7890057007547,-12.06138671875,0.0680031967163086
612,365.7890057007547,-12.060654296875,0.07071269226074219
613,365.7890057007547,-12.0641611328125,0.06885397338867187
614,365.7890057007547,-12.063521484375,0.0671357650756836
615,365.7890057007547,-12.0697958984375,0.06792140197753906
616,365.7890057007547,-12.0718955078125,0.068990234375
617,365.7890057007547,-12.0732568359375,0.06898731994628907
618,365.7890057007547,-51.79201314377682,0.3022667553291812
619,365.7890057007547,-12.073349609375,0.06967367553710938
620,365.7890057007547,-12.0728291015625,0.06750358581542969
621,365.7890057007547,-12.07564453125,0.0682043228149414
622,365.7890057007547,-13.315290793825799,0.07681591534430557
623,365.7890057007547,-12.0811318359375,0.06913083648681641
624,365.7890057007547,-12.0831337890625,0.06769444274902343
625,606.5504247807376,-12.084134765625,0.06854469299316407
626,606.5504247807376,-12.0837177734375,0.07051308441162109
627,606.5504247807376,-12.084705078125,0.0687226791381836
628,606.5504247807376,-12.085533203125,0.06893729400634765
629,606.5504247807376,-12.091482421875,0.06890583038330078
630,606.5504247807376,-12.0893037109375,0.06838625335693359
631,606.5504247807376,-17.10582373806577,0.09729851017241094
632,606.5504247807376,-12.0922900390625,0.0682166748046875
633,606.5504247807376,-12.09605078125,0.06939496612548827
634,606.5504247807376,-12.0980048828125,0.06823754119873048
635,606.5504247807376,-12.0973388671875,0.06752877044677734
636,606.5504247807376,-12.096794921875,0.06920165252685546
637,606.5504247807376,-12.1006181640625,0.06977573394775391
638,606.5504247807376,-18.17186620213964,0.10369133018516563
639,606.5504247807376,-12.104708984375,0.06885079956054688
640,606.5504247807376,-12.1017119140625,0.06841082763671875
641,606.5504247807376,-12.1083310546875,0.06887036895751954
642,606.5504247807376,-12.109400390625,0.0676252212524414
643,606.5504247807376,-15.405981631679388,0.08758249840966921
644,606.5504247807376,-12.110283203125,0.07031704711914062
645,606.5504247807376,-12.110310546875,0.06706353759765625
646,606.5504247807376,-12.1088994140625,0.0690740966796875
647,606.5504247807376,-12.1089482421875,0.06960485076904296
648,606.5504247807376,-12.1130869140625,0.06764173889160156
649,606.5504247807376,-12.1147314453125,0.06874479675292969
650,774.7726800876072,-12.1134931640625,0.06685535430908203
651,774.7726800876072,-12.1158984375,0.06716929626464843
652,774.7726800876072,-12.1163125,0.06963077545166016
653,774.7726800876072,-27.983714185190532,0.15399668563596094
654,774.7726800876072,-12.119533203125,0.06671662902832032
655,774.7726800876072,-71.72462671042899,0.40603028246636924
656,774.7726800876072,-12.119947265625,0.06759889221191406
657,774.7726800876072,-12.1232705078125,0.06822557067871093
658,774.7726800876072,-12.1232724609375,0.06813526153564453
659,774.7726800876072,-12.127712890625,0.06715385437011719
660,774.7726800876072,-12.1284814453125,0.06656593322753906
661,774.7726800876072,-12.13508203125,0.06712256622314453
662,774.7726800876072,-12.1284658203125,0.06585832977294923
663,774.7726800876072,-12.1332900390625,0.06604429626464844
664,774.7726800876072,-12.1336943359375,0.06646253967285157
665,774.7726800876072,-12.13621484375,0.06589166259765625
666,774.7726800876072,-97.87023532006049,0.5609691373763546
667,774.7726800876072,-12.1352158203125,0.06842549896240234
668,774.7726800876072,-12.1364560546875,0.06863423919677734
669,774.7726800876072,-12.141087890625,0.06734689331054687
670,774.7726800876072,-12.143775390625,0.06664938354492188
671,774.7726800876072,-12.1447783203125,0.06830220794677734
672,774.7726800876072,-12.1455087890625,0.06859664916992188
673,774.7726800876072,-12.145197265625,0.06824769592285156
674,774.7726800876072,-12.1434443359375,0.06505841827392578
675,757.61111382342,-166.32685413099315,0.9251932640598245
676,757.61111382342,-12.1462333984375,0.06962348937988282
677,757.61111382342,-12.150451171875,0.06653319549560546
678,757.61111382342,-12.146890625,0.0667515106201172
679,757.61111382342,-12.147076171875,0.06648453521728516
680,757.61111382342,-12.1519443359375,0.0675289077758789
681,757.61111382342,-13.152039366883116,0.07286359943868793
682,757.61111382342,-12.15745703125,0.06692885589599609
683,757.61111382342,-12.1535556640625,0.07068357086181641
684,757.61111382342,-12.1533349609375,0.06875361633300782
685,757.61111382342,-40.91809040930135,0.229042310104627
686,757.61111382342,-12.1534892578125,0.07054035949707031
687,757.61111382342,-53.558963725220266,0.29818255050591963
688,757.61111382342,-12.1632626953125,0.06903235626220704
689,757.61111382342,-12.1643994140625,0.06758908843994141
690,757.61111382342,-12.16391796875,0.06592068481445312
691,757.61111382342,-12.161939453125,0.06667264556884765
692,757.61111382342,-12.1655888671875,0.06736320495605469
693,757.61111382342,-26.515510110294116,0.14629674840856483
694,757.61111382342,-12.1740703125,0.06642976379394532
695,757.61111382342,-12.177712890625,0.06693511962890625
696,757.61111382342,-12.181515625,0.06818460083007813
697,757.61111382342,-12.178556640625,0.06655616760253906
698,757.61111382342,-12.179447265625,0.06738603973388672
699,757.61111382342,-12.18637890625,0.0664621810913086
700,694.6566477674518,-12.184357421875,0.06935601806640625
701,694.6566477674518,-25.339882325233887,0.13886575044564547
702,694.6566477674518,-12.186986328125,0.06840020751953126
703,694.6566477674518,-12.19056640625,0.06653771209716797
704,694.6566477674518,-12.190845703125,0.06777348327636719
705,694.6566477674518,-12.1954619140625,0.06920344543457031
706,694.6566477674518,-25.615743172268907,0.1416458642783285
707,694.6566477674518,-12.19536328125,0.06788278198242187
708,694.6566477674518,-12.19379296875,0.0691044921875
709,694.6566477674518,-12.1958291015625,0.06697662353515625
710,694.6566477674518,-12.1929365234375,0.06555554962158203
711,694.6566477674518,-47.82651271446078,0.25726970597809434
712,694.6566477674518,-12.197607421875,0.06600880432128907
713,694.6566477674518,-12.20059765625,0.06683412170410157
714,694.6566477674518,-12.2018271484375,0.06680745697021484
715,694.6566477674518,-12.208873046875,0.06690702056884766
716,694.6566477674518,-12.2114208984375,0.0670691909790039
717,694.6566477674518,-12.2079150390625,0.0670574951171875
718,694.6566477674518,-12.207451171875,0.06652101135253906
719,694.6566477674518,-14.186560866724738,0.07836983178966136
720,694.6566477674518,-12.211076171875,0.06738851165771484
721,694.6566477674518,-124.69022042410714,0.7026902023626833
722,694.6566477674518,-12.221521484375,0.06780951690673828
723,694.6566477674518,-12.219921875,0.06881961822509766
724,694.6566477674518,-12.223126953125,0.06903787231445313
725,680.7038573595119,-12.221623046875,0.06922760009765624
726,680.7038573595119,-12.2245732421875,0.06772126007080079
727,680.7038573595119,-16.65500734417575,0.09460861871287998
728,680.7038573595119,-12.224603515625,0.06747053527832031
729,680.7038573595119,-12.2264755859375,0.06589730072021484
730,680.7038573595119,-26.06305595349147,0.14215693036630464
731,680.7038573595119,-12.229162109375,0.06788384246826172
732,680.7038573595119,-12.2292412109375,0.0683233642578125
733,680.7038573595119,-12.23009765625,0.06722372436523437
734,680.7038573595119,-12.2290966796875,0.06905013275146485
735,680.7038573595119,-12.2307294921875,0.06581325531005859
736,680.7038573595119,-12.230453125,0.06561458587646485
737,680.7038573595119,-12.2352841796875,0.06698586273193359
738,680.7038573595119,-12.2386591796875,0.06686148071289062
739,680.7038573595119,-12.2364560546875,0.06678778076171875
740,680.7038573595119,-12.239216796875,0.06757040405273437
741,680.7038573595119,-12.2399541015625,0.0683255615234375
742,680.7038573595119,-12.24291015625,0.06737247467041016
743,680.7038573595119,-12.2483271484375,0.06531909942626953
744,680.7038573595119,-12.2497431640625,0.06581258392333984
745,680.7038573595119,-408.49814453125,2.19038569132487
746,680.7038573595119,-12.2526123046875,0.0669552230834961
747,680.7038573595119,-12.257646484375,0.06464616394042969
748,680.7038573595119,-12.2576689453125,0.06828318023681641
749,680.7038573595119,-12.260470703125,0.06867013549804687
750,803.5969959617792,-12.2596689453125,0.06675652313232422
751,803.5969959617792,-12.2637939453125,0.0689076156616211
752,803.5969959617792,-12.2664208984375,0.06904556274414063
753,803.5969959617792,-12.2640205078125,0.0646316146850586
754,803.5969959617792,-12.2661923828125,0.06653395843505859
755,803.5969959617792,-12.2664501953125,0.06524057006835937
756,803.5969959617792,-12.271109375,0.06614278411865235
757,803.5969959617792,-12.271794921875,0.06746154022216796
758,803.5969959617792,-12.2729658203125,0.06666117095947266
759,803.5969959617792,-12.2722109375,0.0675816421508789
760,803.5969959617792,-12.274419921875,0.06798171997070312
761,803.5969959617792,-12.2750947265625,0.06598695373535156
762,803.5969959617792,-29.29370991199284,0.15519188127540462
763,803.5969959617792,-12.2758115234375,0.06497977447509766
764,803.5969959617792,-12.2808642578125,0.06491249847412109
765,803.5969959617792,-12.2812490234375,0.06565989685058594
766,803.5969959617792,-12.283255859375,0.06638298034667969
767,803.5969959617792,-12.287765625,0.06494652557373047
768,803.5969959617792,-12.2833798828125,0.06619670867919922
769,803.5969959617792,-12.28480078125,0.06537938690185546
770,803.5969959617792,-12.290994140625,0.06730816650390625
771,803.5969959617792,-12.29036328125,0.066138671875
772,803.5969959617792,-12.2867373046875,0.06553289794921875
773,803.5969959617792,-12.29358984375,0.06594057464599609
774,803.5969959617792,-12.29398046875,0.06498583984375
775,752.4978761023997,-12.297798828125,0.06549076843261718
776,752.4978761023997,-12.297669921875,0.06592765045166016
777,752.4978761023997,-12.3021650390625,0.06528656005859375
778,752.4978761023997,-12.3010546875,0.06578589630126953
779,752.4978761023997,-12.3062529296875,0.06579113006591797
780,752.4978761023997,-12.3053896484375,0.06348070526123047
781,752.4978761023997,-12.3058564453125,0.06493496704101563
782,752.4978761023997,-12.3107861328125,0.06547241973876954
783,752.4978761023997,-22.923127982425513,0.12559745120824603
784,752.4978761023997,-12.3139521484375,0.06833647155761718
785,752.4978761023997,-12.31316796875,0.06653655242919922
786,752.4978761023997,-12.318470703125,0.0652991714477539
787,752.4978761023997,-12.3170205078125,0.06443665313720703
788,752.4978761023997,-12.3194501953125,0.06651685333251953
789,752.4978761023997,-12.3228623046875,0.0662161865234375
790,752.4978761023997,-12.316443359375,0.06489093017578125
791,752.4978761023997,-12.3213427734375,0.06528002166748047
792,752.4978761023997,-12.3187529296875,0.0687232666015625
793,752.4978761023997,-12.32092578125,0.06513716888427734
794,752.4978761023997,-12.3227861328125,0.06542796325683593
795,752.4978761023997,-12.3282939453125,0.06701519775390626
796,752.4978761023997,-12.3256708984375,0.06476464080810547
797,752.4978761023997,-12.3310341796875,0.06416812133789063
798,752.4978761023997,-12.3305927734375,0.06393192672729492
799,752.4978761023997,-12.3331240234375,0.06583134460449219
800,824.5992961770229,-12.3363505859375,0.06456936645507813
801,824.5992961770229,-12.3375751953125,0.06511346435546875
802,824.5992961770229,-12.3326943359375,0.06514582061767578
803,824.5992961770229,-12.3387021484375,0.06463459014892578
804,824.5992961770229,-12.340517578125,0.06652390289306641
805,824.5992961770229,-12.3473916015625,0.06551051330566406
806,824.5992961770229,-12.3473291015625,0.06399166107177734
807,824.5992961770229,-12.3540078125,0.06590778350830079
808,824.5992961770229,-12.3545908203125,0.06501798248291016
809,824.5992961770229,-12.3525107421875,0.06606890869140625
810,824.5992961770229,-12.3538466796875,0.06382626724243164
811,824.5992961770229,-28.01873184169501,0.1518511609966252
812,824.5992961770229,-12.3616640625,0.06696050262451173
813,824.5992961770229,-12.3624755859375,0.06629846954345703
814,824.5992961770229,-12.366015625,0.065216796875
815,824.5992961770229,-12.367478515625,0.06643157958984375
816,824.5992961770229,-12.3693203125,0.06408017730712891
817,824.5992961770229,-12.37157421875,0.06527931976318359
818,824.5992961770229,-12.3737744140625,0.06490291595458984
819,824.5992961770229,-12.367044921875,0.06639412689208984
820,824.5992961770229,-12.37317578125,0.06559251403808594
821,824.5992961770229,-12.37685546875,0.06348079299926758
822,824.5992961770229,-12.3783349609375,0.06487074279785156
823,824.5992961770229,-12.3815048828125,0.06346909713745118
824,824.5992961770229,-12.380185546875,0.06800875091552734
825,622.2272959504566,-12.38421484375,0.06609056854248047
826,622.2272959504566,-12.383384765625,0.06597711181640625
827,622.2272959504566,-12.387771484375,0.06579301452636718
828,622.2272959504566,-12.387478515625,0.06652744293212891
829,622.2272959504566,-12.39063671875,0.06609577178955078
830,622.2272959504566,-12.3897890625,0.0661357192993164
831,622.2272959504566,-12.392271484375,0.06707634735107422
832,622.2272959504566,-12.393771484375,0.06414779663085937
833,622.2272959504566,-12.397818359375,0.06593476104736327
834,622.2272959504566,-12.394392578125,0.06482234954833985
835,622.2272959504566,-12.3996416015625,0.06589413452148438
836,622.2272959504566,-12.39773046875,0.0644144515991211
837,622.2272959504566,-12.397623046875,0.06601513671875
838,622.2272959504566,-12.3934287109375,0.06602035522460938
839,622.2272959504566,-12.3952333984375,0.06438725280761719
840,622.2272959504566,-12.39749609375,0.06747023010253907
841,622.2272959504566,-12.39690234375,0.0675593032836914
842,622.2272959504566,-12.4014990234375,0.06478223419189454
843,622.2272959504566,-12.400353515625,0.06424992370605469
844,622.2272959504566,-12.4008857421875,0.0655742416381836
845,622.2272959504566,-12.404365234375,0.06681168365478515
846,622.2272959504566,-12.40712109375,0.06576611328125
847,622.2272959504566,-12.4111240234375,0.06282856369018555
848,622.2272959504566,-12.4141455078125,0.06476695251464844
849,622.2272959504566,-19.15692364728009,0.10095431480878665
850,755.4371904620593,-12.4117314453125,0.06643742370605468
851,755.4371904620593,-35.98413722826087,0.18713489477185236
852,755.4371904620593,-12.4154775390625,0.06389583206176758
853,755.4371904620593,-12.4175205078125,0.06300165176391602
854,755.4371904620593,-12.4203408203125,0.06432232666015625
855,755.4371904620593,-12.4209892578125,0.06489981842041016
856,755.4371904620593,-12.4165869140625,0.06476902770996094
857,755.4371904620593,-12.4265419921875,0.06568058776855469
858,755.4371904620593,-12.4245634765625,0.06624372100830078
859,755.4371904620593,-29.440668042802134,0.15273393386913137
860,755.4371904620593,-12.4245126953125,0.06314115524291992
861,755.4371904620593,-12.420861328125,0.06502423858642578
862,755.4371904620593,-12.4246064453125,0.06650200653076171
863,755.4371904620593,-12.424275390625,0.06502442169189453
864,755.4371904620593,-12.4229150390625,0.06410935211181641
865,755.4371904620593,-12.4270859375,0.06384823989868164
866,755.4371904620593,-12.4267119140625,0.06545665740966797
867,755.4371904620593,-12.4247412109375,0.067025390625
868,755.4371904620593,-12.42581640625,0.06417874908447266
869,755.4371904620593,-12.4264853515625,0.064619873046875
870,755.4371904620593,-12.427060546875,0.06285296249389648
871,755.4371904620593,-12.4230595703125,0.06304994201660157
872,755.4371904620593,-12.428109375,0.06372391510009766
873,755.4371904620593,-12.4255390625,0.06449761962890625
874,755.4371904620593,-12.4294755859375,0.06450323486328124
875,679.438161723006,-12.431078125,0.0628420295715332
876,679.438161723006,-12.428212890625,0.06388756561279296
877,679.438161723006,-12.4324609375,0.06672161102294921
878,679.438161723006,-14.307892512945914,0.0749808641791481
879,679.438161723006,-12.4309912109375,0.0643175277709961
880,679.438161723006,-12.43212109375,0.06298279571533204
881,679.438161723006,-12.4335888671875,0.06481802368164062
882,679.438161723006,-12.4338583984375,0.0630610122680664
883,679.438161723006,-12.4340166015625,0.06394911575317383
884,679.438161723006,-12.436763671875,0.06680038452148437
885,679.438161723006,-12.43526171875,0.06578944396972657
886,679.438161723006,-12.4353662109375,0.06628595733642578
887,679.438161723006,-12.4378203125,0.0636832389831543
888,679.438161723006,-12.4427353515625,0.06627961730957031
889,679.438161723006,-12.441798828125,0.06361043167114258
890,679.438161723006,-12.4391611328125,0.06502840423583985
891,679.438161723006,-12.4405458984375,0.06380670928955078
892,679.438161723006,-12.4434921875,0.06348952865600586
893,679.438161723006,-78.28321540880503,0.39776558546150254
894,679.438161723006,-12.4433330078125,0.06448979187011719
895,679.438161723006,-12.447265625,0.0634348258972168
896,679.438161723006,-20.43916929649015,0.10327669591543515
897,679.438161723006,-12.4482724609375,0.0636873893737793
898,679.438161723006,-12.4477412109375,0.06451472473144532
899,679.438161723006,-12.44766015625,0.0656217498779297
900,607.4070049870359,-12.4459931640625,0.06329292297363281
901,607.4070049870359,-60.46288114381068,0.31434505425610587
902,607.4070049870359,-12.452970703125,0.06394171905517577
903,607.4070049870359,-12.453884765625,0.06388901901245117
904,607.4070049870359,-12.455259765625,0.06302734756469727
905,607.4070049870359,-12.4549521484375,0.06270178604125977
906,607.4070049870359,-12.456294921875,0.0643660888671875
907,607.4070049870359,-12.4578212890625,0.06471858978271484
908,607.4070049870359,-12.460291015625,0.06409384155273437
909,607.4070049870359,-17.166458171918045,0.08765536431767067
910,607.4070049870359,-12.4621181640625,0.06751457214355469
911,607.4070049870359,-12.461458984375,0.06573907470703125
912,607.4070049870359,-12.4660615234375,0.06558386993408204
913,607.4070049870359,-12.4657138671875,0.06309913635253907
914,607.4070049870359,-12.4661240234375,0.06409407806396485
915,607.4070049870359,-12.4678740234375,0.06373041915893554
916,607.4070049870359,-12.468189453125,0.06535146331787109
917,607.4070049870359,-48.35058215237403,0.250384249428446
918,607.4070049870359,-12.476025390625,0.06624950408935547
919,607.4070049870359,-12.4758056640625,0.06680570983886719
920,607.4070049870359,-12.47884375,0.0647803955078125
921,607.4070049870359,-12.4799482421875,0.06505992889404297
922,607.4070049870359,-12.4820478515625,0.06527393341064452
923,607.4070049870359,-12.4831796875,0.06339358520507812
924,607.4070049870359,-12.4806748046875,0.06441825866699219
925,593.6824120730837,-12.4825390625,0.06376095199584961
926,593.6824120730837,-12.483828125,0.06428485870361328
927,593.6824120730837,-12.487326171875,0.06513357543945313
928,593.6824120730837,-12.48826953125,0.06370224761962891
929,593.6824120730837,-12.48733984375,0.06328911209106446
930,593.6824120730837,-12.490427734375,0.06452654266357422
931,593.6824120730837,-12.493884765625,0.063490966796875
932,593.6824120730837,-12.4887744140625,0.06364698791503906
933,593.6824120730837,-12.4928359375,0.06471344757080078
934,593.6824120730837,-12.4949296875,0.06443802642822266
935,593.6824120730837,-12.4932998046875,0.06473113250732422
936,593.6824120730837,-141.9510498046875,0.7328980185768821
937,593.6824120730837,-12.49651171875,0.06514492797851562
938,593.6824120730837,-12.495818359375,0.06419976806640625
939,593.6824120730837,-12.901691700528895,0.06674984045195997
940,593.6824120730837,-12.496974609375,0.06355655670166016
941,593.6824120730837,-12.5017255859375,0.06686500549316406
942,593.6824120730837,-12.498607421875,0.06213449478149414
943,593.6824120730837,-12.5001806640625,0.06524125671386719
944,593.6824120730837,-12.5046015625,0.06285211944580078
945,593.6824120730837,-12.501982421875,0.06418794250488281
946,593.6824120730837,-12.4995732421875,0.06552143859863281
947,593.6824120730837,-12.500658203125,0.06853574371337891
948,593.6824120730837,-12.497841796875,0.0664636001586914
949,593.6824120730837,-178.60479910714287,0.8882918221609933
950,726.9769603572643,-73.9906215329142,0.3724467260597726
951,726.9769603572643,-12.50346875,0.06386127471923828
952,726.9769603572643,-12.50750390625,0.06218892669677734
953,726.9769603572643,-12.5020263671875,0.06318702697753906
954,726.9769603572643,-12.505962890625,0.06508073425292969
955,726.9769603572643,-12.50516796875,0.06277977752685547
956,726.9769603572643,-12.5116015625,0.06265220642089844
957,726.9769603572643,-12.509966796875,0.06657833862304688
958,726.9769603572643,-12.5090224609375,0.06292575073242188
959,726.9769603572643,-12.5107919921875,0.06214015197753906
960,726.9769603572643,-12.512666015625,0.06553307342529296
961,726.9769603572643,-12.5118369140625,0.06992699432373047
962,726.9769603572643,-12.513115234375,0.06452603149414063
963,726.9769603572643,-12.5113330078125,0.06271128463745117
964,726.9769603572643,-12.5158095703125,0.06175805282592774
965,726.9769603572643,-12.516138671875,0.06318635177612304
966,726.9769603572643,-12.517154296875,0.062350067138671875
967,726.9769603572643,-23.938230087834608,0.11993029650948928
968,726.9769603572643,-12.523353515625,0.06271018981933593
969,726.9769603572643,-15.178269412878787,0.07721079970851089
970,726.9769603572643,-12.5246923828125,0.06205644226074219
971,726.9769603572643,-12.5252998046875,0.06453594207763672
972,726.9769603572643,-12.5235439453125,0.06274641418457032
973,726.9769603572643,-12.5240810546875,0.061560935974121093
974,726.9769603572643,-12.524826171875,0.06472169494628906
975,695.4149488696955,-12.5244658203125,0.06277041244506835
976,695.4149488696955,-12.5291064453125,0.06505089569091797
977,695.4149488696955,-51.34608734631148,0.2640204195116387
978,695.4149488696955,-12.53100390625,0.06380707168579101
979,695.4149488696955,-12.528123046875,0.06256824111938476
980,695.4149488696955,-70.82763396009886,0.3601557629256599
981,695.4149488696955,-15.929299108560992,0.08256963126389771
982,695.4149488696955,-12.5368623046875,0.0634673080444336
983,695.4149488696955,-12.5425556640625,0.06567249298095704
984,695.4149488696955,-12.5403291015625,0.06354269790649414
985,695.4149488696955,-12.544701171875,0.06330900955200196
986,695.4149488696955,-12.5446787109375,0.06391034698486328
987,695.4149488696955,-12.54516796875,0.06321901321411133
988,695.4149488696955,-12.54731640625,0.06476268005371094
989,695.4149488696955,-12.5466884765625,0.06485776519775391
990,695.4149488696955,-12.5477392578125,0.06206786727905273
991,695.4149488696955,-12.54934765625,0.06430418395996093
992,695.4149488696955,-12.549916015625,0.06348198699951171
993,695.4149488696955,-12.5514697265625,0.06354510879516602
994,695.4149488696955,-12.55305078125,0.06180385208129883
995,695.4149488696955,-12.554517578125,0.06313713073730469
996,695.4149488696955,-12.554900390625,0.06370704650878906
997,695.4149488696955,-12.5538076171875,0.06513364410400391
998,695.4149488696955,-12.55335546875,0.06397457504272461
999,695.4149488696955,-12.55495703125,0.06332025146484375
